"","Estimated number of malaria deaths","Estimated number of malaria deaths","Estimated number of malaria deaths","Estimated number of malaria deaths","Estimated number of malaria deaths","Estimated number of malaria deaths","Estimated number of malaria deaths","Estimated number of malaria deaths","Estimated number of malaria deaths","Estimated number of malaria deaths","Estimated number of malaria deaths","Estimated number of malaria deaths","Estimated number of malaria deaths","Estimated number of malaria deaths","Estimated number of malaria deaths","Estimated number of malaria deaths","Estimated number of malaria deaths","Estimated number of malaria deaths","Estimated number of malaria deaths","Estimated number of malaria deaths","Estimated number of malaria deaths"
"Country"," 2020"," 2019"," 2018"," 2017"," 2016"," 2015"," 2014"," 2013"," 2012"," 2011"," 2010"," 2009"," 2008"," 2007"," 2006"," 2005"," 2004"," 2003"," 2002"," 2001"," 2000"
"Afghanistan","110 [ 41- 190]","170 [ 65- 300]","292 [ 110- 500]","378 [ 150- 660]","351 [ 120- 620]","174 [ 63- 320]","152 [ 53- 280]","129 [ 41- 260]","92 [ 30- 190]","192 [ 56- 380]","165 [ 48- 320]","139 [ 43- 290]","198 [ 61- 410]","236 [ 72- 500]","222 [ 64- 470]","259 [ 86- 520]","350 [ 120- 670]","798 [ 210- 1 540]","1 133 [ 230- 2 210]","965 [ 210- 2 020]","965 [ 210- 2 030]"
"Albania","No malaria","","","","","","","","","","","","","","","","","","","",""
"Algeria","No malaria","0","0","0","0","0","0","0","0","0","1","0","0","0","0","0","0","0","0","1","2"
"Andorra","No malaria","","","","","","","","","","","","","","","","","","","",""
"Angola","15 989 [ 9 990- 28 800]","13 622 [ 9 440- 20 500]","13 489 [ 9 390- 20 000]","13 941 [ 9 680- 20 600]","13 430 [ 9 440- 19 500]","12 551 [ 9 090- 17 800]","12 036 [ 8 890- 16 600]","11 586 [ 8 740- 15 600]","11 461 [ 8 860- 15 000]","11 832 [ 9 310- 15 200]","12 398 [ 9 960- 15 500]","13 342 [ 10 900- 16 400]","15 280 [ 12 700- 18 500]","18 237 [ 15 400- 21 700]","20 525 [ 17 600- 24 000]","21 709 [ 18 900- 25 000]","22 169 [ 19 500- 25 300]","22 694 [ 20 100- 25 700]","22 952 [ 20 500- 26 000]","24 478 [ 21 900- 27 600]","23 661 [ 21 200- 26 500]"
"Antigua and Barbuda","No malaria","","","","","","","","","","","","","","","","","","","",""
"Argentina","No malaria","0","0","0","0","0","0","0","0","0","0","0","0","0","0","0","0","1","0","0","0"
"Armenia","No malaria","0","0","0","0","0","0","0","0","0","0","0","0","0","0","0","0","0","0","0","0"
"Australia","No malaria","","","","","","","","","","","","","","","","","","","",""
"Austria","No malaria","","","","","","","","","","","","","","","","","","","",""
"Azerbaijan","No malaria No malaria","0","0","0","0","0","0","0","0","0","0","0","0","0","0","0","0","0","0","0","0"
"Bahamas","No malaria","","","","","","","","","","","","","","","","","","","",""
"Bahrain","No malaria","","","","","","","","","","","","","","","","","","","",""
"Bangladesh","15 [ 0 - 26 ]","47 [ 1- 83]","26 [ 0 - 45 ]","73 [ 2- 120]","72 [ 2- 120]","105 [ 4- 180]","160 [ 6- 270]","77 [ 2- 130]","85 [ 3- 150]","155 [ 5- 270]","166 [ 6- 290]","158 [ 9- 270]","264 [ 12- 480]","263 [ 13- 540]","139 [ 6- 290]","216 [ 8- 480]","213 [ 8- 470]","209 [ 8- 460]","206 [ 8- 450]","202 [ 8- 440]","199 [ 8- 440]"
"Barbados","No malaria","","","","","","","","","","","","","","","","","","","",""
"Belarus","No malaria","","","","","","","","","","","","","","","","","","","",""
"Belgium","No malaria","","","","","","","","","","","","","","","","","","","",""
"Belize","0","0","0","0","0","0","0","0","0","0","0","0","0","0","1","0","1","0","0","0","0"
"Benin","10 123 [ 8 420- 12 600]","9 889 [ 8 640- 11 300]","9 898 [ 8 810- 11 100]","10 224 [ 9 190- 11 400]","11 228 [ 10 200- 12 400]","10 991 [ 10 000- 12 100]","10 285 [ 9 430- 11 200]","9 774 [ 9 010- 10 600]","8 738 [ 8 080- 9 460]","8 348 [ 7 740- 9 010]","8 632 [ 8 040- 9 300]","9 508 [ 8 860- 10 200]","10 694 [ 9 990- 11 500]","12 034 [ 11 300- 12 900]","12 682 [ 11 900- 13 600]","11 896 [ 11 200- 12 700]","10 839 [ 10 200- 11 500]","9 668 [ 9 110- 10 300]","8 825 [ 8 330- 9 360]","8 455 [ 7 990- 8 960]","7 898 [ 7 470- 8 370]"
"Bhutan","0","0","0","0","0","0","0","0","1","1","2","4","2","2","7","5","7","14","11","14","15"
"Bolivia (Plurinational State of)","6 [ 2- 11]","4 [ 1- 8]","2 [ 0 - 4 ]","2 [ 0 - 4 ]","2 [ 0 - 5 ]","3 [ 1- 6]","4 [ 1- 8]","6 [ 1- 12]","4 [ 1- 7]","4 [ 1- 7]","10 [ 3- 17]","6 [ 2- 11]","6 [ 2- 12]","11 [ 3- 20]","14 [ 4- 25]","12 [ 4- 22]","9 [ 3- 16]","12 [ 4- 21]","9 [ 3- 16]","9 [ 3- 18]","24 [ 7- 44]"
"Bosnia and Herzegovina","No malaria","","","","","","","","","","","","","","","","","","","",""
"Botswana","4 [ 0 - 9 ]","0 [ 0 - 1 ]","2 [ 0 - 4 ]","7 [ 0 - 14 ]","3 [ 0 - 7 ]","1 [ 0 - 2 ]","5 [ 0 - 10 ]","1 [ 0 - 3 ]","0 [ 0 - 1 ]","1 [ 0 - 3 ]","5 [ 0 - 13 ]","6 [ 0 - 18 ]","6 [ 0 - 17 ]","3 [ 0 - 10 ]","12 [ 0 - 27 ]","3 [ 0 - 9 ]","3 [ 0 - 12 ]","4 [ 0 - 15 ]","9 [ 0 - 24 ]","19 [ 0 - 48 ]","49 [ 1- 120]"
"Brazil","42","36","56","34","35","35","36","40","60","70","76","85","68","93","110","123","102","104","95","142","245"
"Brunei Darussalam","No malaria","","","","","","","","","","","","","","","","","","","",""
"Bulgaria","No malaria","","","","","","","","","","","","","","","","","","","",""
"Burkina Faso","19 979 [ 14 300- 29 100]","18 813 [ 14 400- 25 100]","19 064 [ 15 000- 24 700]","19 292 [ 15 500- 24 400]","19 443 [ 16 100- 23 900]","20 471 [ 17 200- 24 500]","22 278 [ 19 100- 26 100]","25 694 [ 22 400- 29 400]","30 247 [ 26 800- 34 000]","33 208 [ 29 800- 36 800]","35 034 [ 31 800- 38 500]","36 176 [ 33 100- 39 400]","33 805 [ 31 100- 36 600]","31 272 [ 28 900- 33 800]","30 542 [ 28 300- 32 900]","31 546 [ 29 300- 34 000]","34 556 [ 32 100- 37 100]","38 366 [ 35 800- 41 200]","40 688 [ 38 000- 43 600]","41 824 [ 39 200- 44 700]","41 277 [ 38 700- 44 000]"
"Burundi","5 822 [ 4 730- 7 700]","5 284 [ 4 560- 6 370]","5 237 [ 4 550- 6 220]","5 974 [ 5 120- 7 170]","5 582 [ 4 880- 6 540]","4 867 [ 4 380- 5 520]","4 630 [ 4 220- 5 150]","4 535 [ 4 190- 4 970]","4 664 [ 4 330- 5 070]","4 773 [ 4 450- 5 160]","5 051 [ 4 710- 5 440]","5 188 [ 4 840- 5 580]","5 253 [ 4 920- 5 640]","5 271 [ 4 930- 5 650]","5 506 [ 5 150- 5 910]","5 970 [ 5 580- 6 420]","6 988 [ 6 500- 7 560]","8 294 [ 7 680- 8 990]","9 397 [ 8 710- 10 200]","11 335 [ 10 500- 12 300]","12 288 [ 11 400- 13 300]"
"Cabo Verde","0","0","0","2","1","0","1","0","0","1","1","2","2","2","8","2","4","4","2","0","0"
"Cambodia","43 [ 10- 71]","102 [ 22- 170]","265 [ 43- 440]","336 [ 27- 570]","204 [ 16- 340]","374 [ 28- 630]","399 [ 31- 670]","231 [ 24- 380]","383 [ 36- 640]","641 [ 47- 1 080]","644 [ 44- 1 120]","853 [ 50- 1 560]","497 [ 21- 960]","394 [ 21- 780]","897 [ 50- 1 680]","705 [ 48- 1 210]","895 [ 44- 1 590]","1 062 [ 48- 1 940]","803 [ 34- 1 520]","904 [ 38- 1 730]","1 582 [ 61- 3 270]"
"Cameroon","14 841 [ 12 300- 18 200]","12 683 [ 11 200- 14 400]","12 770 [ 11 400- 14 300]","13 633 [ 12 300- 15 100]","13 699 [ 12 500- 15 000]","13 171 [ 12 200- 14 300]","12 725 [ 11 800- 13 700]","12 467 [ 11 600- 13 400]","12 327 [ 11 500- 13 200]","12 280 [ 11 500- 13 200]","13 328 [ 12 500- 14 300]","14 457 [ 13 500- 15 500]","15 930 [ 14 900- 17 100]","18 138 [ 16 900- 19 500]","19 887 [ 18 600- 21 400]","20 137 [ 18 800- 21 600]","19 432 [ 18 200- 20 800]","18 374 [ 17 200- 19 600]","17 775 [ 16 700- 18 900]","17 459 [ 16 400- 18 600]","17 144 [ 16 100- 18 300]"
"Canada","No malaria","","","","","","","","","","","","","","","","","","","",""
"Central African Republic","5 079 [ 2 940- 9 360]","4 452 [ 2 860- 7 280]","4 553 [ 3 010- 7 220]","4 788 [ 3 230- 7 400]","5 172 [ 3 570- 7 760]","5 555 [ 3 930- 8 150]","5 995 [ 4 350- 8 530]","6 361 [ 4 720- 8 800]","6 770 [ 5 150- 9 130]","7 045 [ 5 520- 9 260]","7 803 [ 6 240- 9 990]","8 528 [ 6 980- 10 700]","9 105 [ 7 610- 11 100]","9 837 [ 8 360- 11 800]","9 918 [ 8 530- 11 700]","9 530 [ 8 300- 11 000]","9 087 [ 8 000- 10 400]","8 393 [ 7 460- 9 490]","7 872 [ 7 040- 8 830]","7 593 [ 6 820- 8 470]","7 379 [ 6 640- 8 190]"
"Chad","12 415 [ 9 340- 16 600]","11 619 [ 9 650- 14 300]","11 509 [ 9 760- 13 800]","11 673 [ 10 000- 13 700]","11 437 [ 9 990- 13 100]","11 163 [ 9 890- 12 600]","11 126 [ 9 950- 12 400]","11 158 [ 10 100- 12 400]","11 321 [ 10 300- 12 400]","11 550 [ 10 600- 12 600]","11 829 [ 10 900- 12 900]","11 455 [ 10 600- 12 400]","10 911 [ 10 200- 11 800]","10 485 [ 9 800- 11 300]","10 030 [ 9 400- 10 800]","9 464 [ 8 880- 10 100]","9 005 [ 8 460- 9 610]","8 926 [ 8 400- 9 520]","8 665 [ 8 170- 9 220]","9 111 [ 8 590- 9 710]","8 459 [ 7 980- 9 010]"
"Chile","No malaria","","","","","","","","","","","","","","","","","","","",""
"China","No malaria","0","0","0","0","0","0","0","0","33","19","10","23","18","37","48","31","52","42","27","31"
"Colombia","5","3","9","19","36","18","17","10","24","23","42","28","54","68","77","87","126","118","162","168","124"
"Comoros","11 [ 0 - 18 ]","45 [ 1- 70]","38 [ 1- 60]","8 [ 0 - 12 ]","2 [ 0 - 4 ]","3 [ 0 - 5 ]","5 [ 0 - 8 ]","135 [ 5- 210]","125 [ 4- 200]","62 [ 2- 97]","92 [ 3- 140]","89 [ 2- 190]","89 [ 2- 190]","89 [ 2- 190]","89 [ 2- 190]","89 [ 2- 190]","89 [ 2- 190]","89 [ 2- 190]","89 [ 2- 190]","89 [ 2- 190]","89 [ 2- 190]"
"Congo","2 354 [ 1 920- 3 370]","2 220 [ 1 930- 2 770]","2 191 [ 1 910- 2 690]","2 200 [ 1 920- 2 670]","2 118 [ 1 870- 2 500]","2 023 [ 1 820- 2 320]","2 047 [ 1 850- 2 310]","2 015 [ 1 840- 2 230]","1 897 [ 1 770- 2 040]","1 870 [ 1 760- 1 990]","1 835 [ 1 740- 1 940]","1 828 [ 1 740- 1 920]","1 871 [ 1 780- 1 970]","2 028 [ 1 920- 2 140]","2 198 [ 2 080- 2 330]","2 366 [ 2 230- 2 520]","2 505 [ 2 360- 2 670]","2 630 [ 2 470- 2 810]","2 749 [ 2 580- 2 940]","2 983 [ 2 780- 3 210]","3 034 [ 2 820- 3 270]"
"Cook Islands","No malaria","","","","","","","","","","","","","","","","","","","",""
"Costa Rica","0","0","0","0","0","0","0","0","0","0","0","1","0","0","0","0","0","0","0","0","0"
"Côte d'Ivoire"," 15 913 [ 12 200 -  22 400]"," 14 829 [ 12 200 -  18 100]"," 14 986 [ 12 600 -  17 900]"," 17 879 [ 15 300 -  20 900]"," 16 648 [ 14 400 -  19 300]"," 13 725 [ 12 100 -  15 600]"," 11 943 [ 10 600 -  13 400]"," 12 797 [ 11 500 -  14 200]"," 15 726 [ 14 200 -  17 400]"," 21 484 [ 19 500 -  23 600]"," 25 440 [ 23 200 -  27 800]"," 28 135 [ 25 800 -  30 600]"," 28 268 [ 26 100 -  30 700]"," 28 815 [ 26 600 -  31 100]"," 27 989 [ 25 900 -  30 200]"," 28 487 [ 26 400 -  30 600]"," 29 819 [ 27 700 -  32 000]"," 31 397 [ 29 200 -  33 700]"," 31 509 [ 29 400 -  33 800]"," 30 820 [ 28 800 -  33 100]"," 29 036 [ 27 200 -  31 100]"
"Croatia","No malaria","","","","","","","","","","","","","","","","","","","",""
"Cuba","No malaria","","","","","","","","","","","","","","","","","","","",""
"Cyprus","No malaria","","","","","","","","","","","","","","","","","","","",""
"Czechia","No malaria","","","","","","","","","","","","","","","","","","","",""
"Democratic People's Republic of Korea","0","0","0","0","0","0","0","0","0","0","0","0","0","0","0","0","0","0","0","0","0"
"Democratic Republic of the Congo","82 511 [ 53 300- 131 000]","65 331 [ 45 400- 94 600]","65 555 [ 46 700- 92 200]","67 792 [ 49 400- 92 300]","63 964 [ 47 900- 84 300]","58 167 [ 44 600- 74 500]","56 829 [ 44 600- 70 900]","59 293 [ 47 500- 72 400]","67 528 [ 55 200- 80 900]","79 887 [ 66 400- 94 300]","91 831 [ 77 700- 107 000]","101 421 [ 87 500- 117 000]","106 681 [ 93 400- 121 000]","111 542 [ 99 100- 125 000]","115 483 [ 104 000- 129 000]","112 725 [ 102 000- 125 000]","112 034 [ 102 000- 124 000]","105 469 [ 96 100- 116 000]","101 603 [ 92 800- 112 000]","100 192 [ 91 700- 110 000]","100 494 [ 92 100- 110 000]"
"Denmark","No malaria","","","","","","","","","","","","","","","","","","","",""
"Djibouti","126 [ 9- 200]","97 [ 5- 150]","43 [ 2- 67]","25 [ 0 - 39 ]","30 [ 1- 48]","24 [ 0 - 37 ]","24 [ 0 - 37 ]","4 [ 0 - 6 ]","5 [ 0 - 10 ]","5 [ 0 - 10 ]","2 [ 0 - 4 ]","6 [ 0 - 10 ]","5 [ 0 - 10 ]","5 [ 0 - 10 ]","5 [ 0 - 9 ]","5 [ 0 - 9 ]","5 [ 0 - 9 ]","4 [ 0 - 9 ]","4 [ 0 - 9 ]","4 [ 0 - 9 ]","4 [ 0 - 9 ]"
"Dominica","No malaria","","","","","","","","","","","","","","","","","","","",""
"Dominican Republic","2","4","1","1","1","3","4","5","8","10","15","14","11","17","10","16","16","12","11","17","6"
"Ecuador","3","0","0","0","0","0","0","0","0","0","0","6","5","8","9","22","37","46","64","84","66"
"Egypt","No malaria No malaria","0","0","0","0","0","0","0","0","0","0","0","0","0","0","0","0","0","0","0","0"
"El Salvador","No malaria","0","0","0","0","0","0","0","0","0","0","0","0","0","0","0","0","0","0","0","0"
"Equatorial Guinea","No malaria","643 [ 520- 840]","632 [ 520- 820]","651 [ 530- 840]","666 [ 540- 840]","706 [ 570- 880]","770 [ 620- 960]","735 [ 610- 890]","667 [ 560- 790]","617 [ 530- 720]","598 [ 520- 690]","535 [ 480- 600]","569 [ 510- 640]","610 [ 550- 680]","656 [ 590- 730]","712 [ 640- 790]","707 [ 640- 780]","682 [ 620- 760]","657 [ 600- 730]","644 [ 590- 710]","633 [ 580- 700]"
"Eritrea","372 [ 13- 760]","437 [ 19- 890]","196 [ 10- 390]","221 [ 12- 450]","198 [ 7- 440]","128 [ 6- 260]","227 [ 11- 460]","88 [ 5- 180]","85 [ 6- 170]","141 [ 8- 280]","161 [ 9- 320]","41 [ 3- 81]","37 [ 2- 76]","60 [ 4- 120]","36 [ 1- 76]","59 [ 2- 130]","32 [ 0 - 79 ]","112 [ 3- 260]","74 [ 1- 200]","130 [ 2- 340]","97 [ 2- 270]"
"Estonia","No malaria","","","","","","","","","","","","","","","","","","","",""
"Eswatini","0","0","1 [ 0 - 2 ]","1 [ 0 - 1 ]","0 [ 0 - 1 ]","0 [ 0 - 1 ]","0 [ 0 - 1 ]","1 [ 0 - 2 ]","1 [ 0 - 1 ]","0 [ 0 - 1 ]","0 [ 0 - 1 ]","0","0","0","0","0 [ 0 - 1 ]","1 [ 0 - 2 ]","0 [ 0 - 1 ]","1 [ 0 - 2 ]","3 [ 0 - 5 ]","2 [ 0 - 5 ]"
"Ethiopia","9 433 [ 380- 20 500]","5 708 [ 250- 12 300]","6 500 [ 230- 14 200]","9 158 [ 520- 21 100]","11 879 [ 650- 28 200]","16 199 [ 880- 38 700]","17 624 [ 960- 42 100]","21 978 [ 1 420- 53 500]","17 579 [ 1 190- 49 700]","15 005 [ 850- 49 200]","17 096 [ 540- 65 300]","14 838 [ 440- 55 400]","9 840 [ 420- 37 000]","11 526 [ 400- 44 800]","13 798 [ 430- 55 000]","15 072 [ 520- 59 300]","21 110 [ 760- 82 900]","18 702 [ 1 090- 55 500]","16 864 [ 1 040- 41 600]","18 031 [ 1 110- 41 900]","16 808 [ 1 240- 34 800]"
"Fiji","No malaria","","","","","","","","","","","","","","","","","","","",""
"Finland","No malaria","","","","","","","","","","","","","","","","","","","",""
"France","No malaria","","","","","","","","","","","","","","","","","","","",""
"Gabon","424 [ 330- 600]","381 [ 320- 480]","377 [ 320- 470]","382 [ 320- 470]","390 [ 330- 470]","394 [ 340- 470]","386 [ 330- 450]","360 [ 320- 410]","318 [ 290- 360]","283 [ 260- 310]","252 [ 240- 270]","226 [ 210- 240]","210 [ 200- 220]","199 [ 190- 210]","199 [ 190- 210]","201 [ 190- 210]","219 [ 210- 240]","254 [ 240- 280]","299 [ 280- 330]","337 [ 310- 380]","359 [ 330- 400]"
"Gambia","615 [ 560- 680]","569 [ 540- 600]","560 [ 540- 590]","538 [ 520- 560]","523 [ 500- 540]","514 [ 500- 540]","504 [ 490- 520]","493 [ 480- 510]","487 [ 470- 510]","480 [ 460- 500]","470 [ 450- 490]","450 [ 430- 470]","445 [ 430- 460]","441 [ 430- 460]","441 [ 430- 460]","441 [ 430- 460]","449 [ 430- 470]","468 [ 450- 490]","489 [ 470- 510]","527 [ 500- 560]","577 [ 550- 610]"
"Georgia","No malaria","0","0","0","0","0","0","0","0","0","0","0","0","0","0","0","0","0","0","0","0"
"Germany","No malaria","","","","","","","","","","","","","","","","","","","",""
"Ghana","12 084 [ 11 200- 13 300]","11 877 [ 11 200- 12 700]","11 792 [ 11 200- 12 500]","11 374 [ 10 900- 12 000]","11 608 [ 11 100- 12 100]","12 781 [ 12 200- 13 400]","14 109 [ 13 500- 14 800]","15 540 [ 14 900- 16 300]","16 282 [ 15 600- 17 000]","16 841 [ 16 100- 17 600]","15 810 [ 15 200- 16 500]","15 721 [ 15 100- 16 300]","14 759 [ 14 200- 15 300]","14 426 [ 13 900- 15 000]","14 925 [ 14 400- 15 500]","14 693 [ 14 200- 15 200]","15 105 [ 14 600- 15 700]","15 909 [ 15 300- 16 500]","16 937 [ 16 300- 17 600]","18 435 [ 17 700- 19 200]","19 388 [ 18 600- 20 200]"
"Greece","No malaria","","","","","","","","","","","","","","","","","","","",""
"Grenada","No malaria","","","","","","","","","","","","","","","","","","","",""
"Guatemala","0","0 [ 0 - 1 ]","1 [ 0 - 2 ]","1 [ 0 - 3 ]","2 [ 0 - 3 ]","2 [ 0 - 4 ]","2 [ 0 - 3 ]","2 [ 0 - 4 ]","2 [ 0 - 3 ]","2 [ 1- 5]","3 [ 1- 6]","3 [ 1- 5]","3 [ 1- 5]","6 [ 2- 11]","15 [ 6- 25]","19 [ 7- 32]","14 [ 5- 24]","16 [ 6- 27]","20 [ 7- 33]","18 [ 7- 30]","27 [ 10- 45]"
"Guinea","10 215 [ 7 760- 12 700]","8 586 [ 7 570- 9 850]","8 470 [ 7 560- 9 600]","9 242 [ 8 290- 10 400]","9 704 [ 8 770- 10 800]","10 492 [ 9 540- 11 600]","11 566 [ 10 600- 12 700]","12 504 [ 11 500- 13 700]","13 703 [ 12 700- 14 900]","13 841 [ 12 800- 15 000]","13 286 [ 12 400- 14 300]","12 350 [ 11 500- 13 300]","10 761 [ 10 100- 11 500]","9 931 [ 9 290- 10 600]","9 672 [ 9 060- 10 300]","9 895 [ 9 280- 10 500]","10 985 [ 10 300- 11 700]","12 844 [ 12 100- 13 700]","14 460 [ 13 600- 15 400]","15 919 [ 15 000- 16 900]","16 396 [ 15 400- 17 400]"
"Guinea-Bissau","No malaria","874 [ 740- 1 060]","873 [ 740- 1 050]","814 [ 710- 960]","795 [ 700- 920]","768 [ 680- 880]","772 [ 690- 880]","783 [ 700- 880]","797 [ 720- 890]","812 [ 740- 900]","806 [ 740- 890]","774 [ 720- 840]","735 [ 690- 790]","712 [ 670- 760]","716 [ 680- 760]","742 [ 700- 790]","816 [ 770- 880]","1 003 [ 940- 1 080]","1 297 [ 1 200- 1 410]","1 717 [ 1 590- 1 870]","2 273 [ 2 090- 2 480]"
"Guyana","28 [ 2- 47]","30 [ 3- 50]","38 [ 4- 74]","33 [ 3- 63]","24 [ 1- 46]","22 [ 2- 41]","27 [ 2- 53]","90 [ 7- 170]","76 [ 5- 130]","72 [ 4- 130]","51 [ 3- 90]","28 [ 1- 48]","23 [ 1- 39]","19 [ 1- 32]","37 [ 3- 63]","69 [ 7- 120]","51 [ 5- 89]","53 [ 4- 92]","42 [ 3- 74]","52 [ 4- 91]","50 [ 3- 86]"
"Haiti","97 [ 2- 200]","45 [ 1- 91]","40 [ 1- 81]","84 [ 2- 170]","92 [ 2- 190]","82 [ 2- 160]","84 [ 2- 170]","160 [ 4- 350]","167 [ 4- 370]","208 [ 6- 460]","218 [ 6- 490]","214 [ 5- 480]","229 [ 6- 510]","187 [ 5- 420]","207 [ 5- 470]","201 [ 5- 460]","198 [ 5- 450]","195 [ 5- 440]","191 [ 5- 430]","188 [ 5- 430]","185 [ 5- 420]"
"Honduras","0 [ 0 - 1 ]","0","0","0 [ 0 - 1 ]","5 [ 0 - 9 ]","4 [ 0 - 7 ]","3 [ 0 - 5 ]","5 [ 1- 9]","4 [ 1- 7]","5 [ 1- 9]","7 [ 2- 13]","8 [ 1- 15]","6 [ 1- 10]","7 [ 2- 13]","8 [ 2- 15]","11 [ 3- 20]","12 [ 3- 21]","9 [ 3- 16]","11 [ 3- 20]","15 [ 5- 28]","23 [ 8- 42]"
"Hungary","No malaria","","","","","","","","","","","","","","","","","","","",""
"Iceland","No malaria","","","","","","","","","","","","","","","","","","","",""
"India","7 341 [ 510- 14 500]","7 701 [ 770- 14 700]","9 664 [ 940- 18 400]","16 296 [ 1 190- 31 500]","22 437 [ 1 500- 44 300]","21 694 [ 1 470- 40 900]","20 103 [ 1 380- 38 200]","16 741 [ 1 480- 31 600]","20 372 [ 1 990- 38 700]","25 646 [ 2 370- 47 800]","30 522 [ 2 730- 57 700]","32 006 [ 2 720- 62 600]","29 894 [ 2 780- 57 100]","27 747 [ 2 700- 52 400]","27 859 [ 2 790- 51 900]","32 599 [ 3 450- 60 100]","31 217 [ 3 250- 56 200]","27 862 [ 2 870- 49 100]","27 270 [ 2 680- 48 700]","28 679 [ 2 850- 51 100]","29 512 [ 2 740- 52 900]"
"Indonesia","1 443 [ 98- 2 350]","1 188 [ 84- 1 930]","1 043 [ 79- 1 700]","1 419 [ 110- 2 300]","2 056 [ 150- 3 370]","1 793 [ 150- 2 910]","2 058 [ 170- 3 360]","2 656 [ 230- 4 330]","3 081 [ 270- 5 020]","3 123 [ 260- 5 090]","3 485 [ 290- 5 700]","1 898 [ 200- 3 460]","1 873 [ 200- 3 420]","1 848 [ 190- 3 380]","2 126 [ 220- 3 450]","1 789 [ 190- 2 890]","1 484 [ 180- 2 390]","1 752 [ 190- 3 210]","1 729 [ 180- 3 170]","1 705 [ 180- 3 120]","1 682 [ 180- 3 070]"
"Iran (Islamic Republic of)","No malaria","0","0","1","0","1","0","0","0","0","0","0","3","3","1","1","1","5","2","2","4"
"Iraq","No malaria No malaria","0","0","0","0","0","0","0","0","0","0","0","0","0","0","0","0","0","0","0","0"
"Ireland","No malaria","","","","","","","","","","","","","","","","","","","",""
"Israel","No malaria","","","","","","","","","","","","","","","","","","","",""
"Italy","No malaria","","","","","","","","","","","","","","","","","","","",""
"Jamaica","No malaria","","","","","","","","","","","","","","","","","","","",""
"Japan","No malaria","","","","","","","","","","","","","","","","","","","",""
"Jordan","No malaria","","","","","","","","","","","","","","","","","","","",""
"Kazakhstan","No malaria No malaria","0","0","0","0","0","0","0","0","0","0","0","0","0","0","0","0","0","0","0","0"
"Kenya","12 646 [ 11 400- 14 800]","11 979 [ 11 200- 13 200]","11 850 [ 11 100- 12 900]","11 845 [ 11 100- 12 800]","11 298 [ 10 700- 12 100]","10 862 [ 10 400- 11 500]","10 634 [ 10 200- 11 100]","10 439 [ 10 100- 10 900]","10 372 [ 10 000- 10 800]","10 371 [ 10 000- 10 700]","10 033 [ 9 740- 10 400]","9 855 [ 9 570- 10 200]","9 714 [ 9 430- 10 000]","9 792 [ 9 490- 10 100]","9 848 [ 9 540- 10 200]","10 427 [ 10 100- 10 800]","11 667 [ 11 200- 12 100]","13 021 [ 12 500- 13 600]","13 472 [ 12 900- 14 100]","13 668 [ 13 100- 14 300]","11 901 [ 11 500- 12 400]"
"Kiribati","No malaria","","","","","","","","","","","","","","","","","","","",""
"Kuwait","No malaria","","","","","","","","","","","","","","","","","","","",""
"Kyrgyzstan","No malaria","0","0","0","0","0","0","0","0","0","0","0","0","0","0","0","0","0","0","0","0"
"Lao People's Democratic Republic","7 [ 0 - 14 ]","11 [ 1- 22]","23 [ 1- 45]","21 [ 1- 40]","32 [ 3- 60]","80 [ 8- 150]","134 [ 11- 250]","125 [ 7- 240]","174 [ 7- 340]","73 [ 2- 140]","109 [ 3- 220]","120 [ 3- 240]","104 [ 3- 210]","115 [ 3- 240]","123 [ 3- 260]","86 [ 2- 180]","100 [ 3- 200]","110 [ 3- 220]","124 [ 3- 240]","152 [ 5- 280]","221 [ 7- 400]"
"Latvia","No malaria","","","","","","","","","","","","","","","","","","","",""
"Lebanon","No malaria","","","","","","","","","","","","","","","","","","","",""
"Lesotho","No malaria","","","","","","","","","","","","","","","","","","","",""
"Liberia","No malaria","3 918 [ 3 270- 4 760]","3 884 [ 3 320- 4 610]","4 444 [ 3 850- 5 170]","4 001 [ 3 540- 4 550]","3 295 [ 2 960- 3 670]","3 187 [ 2 900- 3 510]","2 737 [ 2 520- 2 980]","2 574 [ 2 390- 2 780]","2 738 [ 2 550- 2 950]","2 862 [ 2 670- 3 070]","3 046 [ 2 840- 3 270]","3 227 [ 3 010- 3 460]","3 287 [ 3 070- 3 510]","3 470 [ 3 250- 3 700]","3 847 [ 3 610- 4 100]","4 520 [ 4 240- 4 820]","5 326 [ 4 990- 5 690]","6 049 [ 5 660- 6 470]","6 644 [ 6 220- 7 120]","6 968 [ 6 530- 7 460]"
"Libya","No malaria","","","","","","","","","","","","","","","","","","","",""
"Lithuania","No malaria","","","","","","","","","","","","","","","","","","","",""
"Luxembourg","No malaria","","","","","","","","","","","","","","","","","","","",""
"Madagascar","9 459 [ 300- 18 000]","4 735 [ 170- 8 910]","4 570 [ 160- 8 600]","4 783 [ 170- 9 050]","3 482 [ 120- 6 670]","5 800 [ 210- 11 200]","2 665 [ 93- 5 200]","3 701 [ 120- 8 010]","3 941 [ 130- 8 840]","2 035 [ 62- 4 280]","2 208 [ 70- 5 020]","2 182 [ 68- 4 860]","1 160 [ 34- 2 760]","1 092 [ 24- 2 940]","1 647 [ 27- 4 880]","1 638 [ 26- 4 870]","2 062 [ 35- 6 150]","2 917 [ 41- 8 930]","2 221 [ 31- 6 730]","2 747 [ 54- 7 940]","2 239 [ 38- 6 620]"
"Malawi","7 165 [ 6 150- 8 700]","6 856 [ 6 130- 7 830]","6 820 [ 6 150- 7 690]","6 854 [ 6 210- 7 640]","6 792 [ 6 240- 7 430]","6 868 [ 6 390- 7 400]","7 221 [ 6 800- 7 700]","7 853 [ 7 460- 8 300]","8 978 [ 8 530- 9 460]","9 903 [ 9 380- 10 500]","10 951 [ 10 300- 11 700]","11 379 [ 10 700- 12 100]","11 431 [ 10 800- 12 100]","10 906 [ 10 400- 11 400]","10 095 [ 9 660- 10 600]","9 813 [ 9 380- 10 300]","10 288 [ 9 840- 10 800]","11 643 [ 11 100- 12 200]","13 784 [ 13 200- 14 400]","16 121 [ 15 400- 16 900]","17 225 [ 16 400- 18 100]"
"Malaysia","No malaria","0","0","0","2","4","4","10","12","12","13","23","20","15","21","33","35","21","38","46","35"
"Maldives","No malaria","","","","","","","","","","","","","","","","","","","",""
"Mali","19 316 [ 15 000- 25 300]","17 511 [ 14 600- 21 200]","17 379 [ 14 800- 20 600]","14 479 [ 12 500- 16 700]","13 831 [ 12 100- 15 700]","16 997 [ 15 100- 19 100]","21 909 [ 19 700- 24 400]","24 431 [ 22 200- 27 000]","22 890 [ 21 000- 25 000]","19 701 [ 18 200- 21 400]","17 241 [ 16 100- 18 600]","17 255 [ 16 100- 18 600]","18 710 [ 17 500- 20 100]","21 311 [ 20 000- 22 800]","22 899 [ 21 500- 24 400]","23 245 [ 21 900- 24 700]","22 353 [ 21 100- 23 800]","21 772 [ 20 600- 23 100]","22 172 [ 21 000- 23 500]","23 927 [ 22 600- 25 400]","25 672 [ 24 300- 27 200]"
"Malta","No malaria","","","","","","","","","","","","","","","","","","","",""
"Marshall Islands","No malaria","","","","","","","","","","","","","","","","","","","",""
"Mauritania","1 685 [ 1 350- 2 400]","1 589 [ 1 320- 2 100]","1 565 [ 1 310- 2 060]","1 537 [ 1 290- 2 000]","1 501 [ 1 260- 1 930]","1 471 [ 1 240- 1 870]","1 433 [ 1 220- 1 790]","1 358 [ 1 170- 1 660]","1 337 [ 1 160- 1 620]","1 317 [ 1 150- 1 570]","1 290 [ 1 140- 1 520]","1 262 [ 1 130- 1 460]","1 231 [ 1 110- 1 410]","1 210 [ 1 100- 1 360]","1 203 [ 1 100- 1 340]","1 179 [ 1 090- 1 300]","1 161 [ 1 080- 1 260]","1 154 [ 1 080- 1 250]","1 129 [ 1 060- 1 210]","1 151 [ 1 090- 1 220]","1 094 [ 1 040- 1 160]"
"Mauritius","No malaria","","","","","","","","","","","","","","","","","","","",""
"Mexico","0","0","0","0","0","0","0","0","0","0","0","0","0","0","0","0","0","0","0","0","0"
"Micronesia (Federated States of)","No malaria","","","","","","","","","","","","","","","","","","","",""
"Monaco","No malaria","","","","","","","","","","","","","","","","","","","",""
"Mongolia","No malaria","","","","","","","","","","","","","","","","","","","",""
"Montenegro","No malaria","","","","","","","","","","","","","","","","","","","",""
"Morocco","No malaria No malaria","0","0","0","0","0","0","0","0","0","0","0","0","0","0","0","0","0","0","0","0"
"Mozambique","23 766 [ 16 100- 38 400]","19 189 [ 14 500- 26 900]","19 321 [ 14 900- 26 200]","21 640 [ 17 100- 28 500]","23 186 [ 18 800- 29 600]","23 939 [ 19 800- 29 600]","24 815 [ 21 000- 29 800]","25 213 [ 21 900- 29 500]","24 925 [ 22 100- 28 300]","25 707 [ 23 300- 28 600]","26 605 [ 24 400- 29 100]","26 467 [ 24 500- 28 800]","26 418 [ 24 400- 28 600]","27 031 [ 25 000- 29 200]","28 172 [ 26 100- 30 400]","29 860 [ 27 700- 32 200]","34 157 [ 31 700- 36 900]","39 238 [ 36 400- 42 300]","42 733 [ 39 700- 46 100]","45 549 [ 42 300- 49 000]","45 482 [ 42 400- 48 900]"
"Myanmar","77 [ 12- 130]","101 [ 11- 170]","164 [ 14- 290]","209 [ 15- 370]","274 [ 21- 480]","482 [ 34- 850]","729 [ 46- 1 440]","1 169 [ 74- 2 290]","3 412 [ 210- 6 950]","3 214 [ 130- 6 100]","4 849 [ 190- 10 400]","3 023 [ 170- 6 010]","3 222 [ 180- 6 360]","2 555 [ 150- 5 100]","2 041 [ 110- 4 370]","2 875 [ 170- 5 890]","2 853 [ 160- 5 880]","2 828 [ 160- 5 790]","2 802 [ 160- 5 750]","2 775 [ 150- 5 780]","2 744 [ 160- 5 660]"
"Namibia","51 [ 1- 94]","14 [ 0 - 29 ]","128 [ 4- 230]","228 [ 7- 420]","82 [ 2- 150]","38 [ 1- 70]","65 [ 2- 120]","20 [ 0 - 36 ]","13 [ 0 - 35 ]","7 [ 0 - 16 ]","6 [ 0 - 21 ]","20 [ 0 - 83 ]","30 [ 0 - 110 ]","52 [ 0 - 160 ]","174 [ 4- 400]","167 [ 4- 420]","270 [ 6- 700]","172 [ 3- 470]","180 [ 4- 480]","263 [ 6- 640]","199 [ 4- 540]"
"Nauru","No malaria","","","","","","","","","","","","","","","","","","","",""
"Nepal","0","0","1 [ 0 - 1 ]","0 [ 0 - 1 ]","2 [ 0 - 4 ]","2 [ 0 - 7 ]","3 [ 0 - 8 ]","6 [ 1- 14]","10 [ 2- 24]","12 [ 2- 35]","27 [ 3- 69]","21 [ 3- 60]","25 [ 3- 70]","39 [ 4- 100]","32 [ 4- 94]","26 [ 4- 74]","24 [ 4- 66]","46 [ 9- 120]","62 [ 12- 140]","28 [ 6- 69]","25 [ 7- 51]"
"Netherlands","No malaria","","","","","","","","","","","","","","","","","","","",""
"New Zealand","No malaria","","","","","","","","","","","","","","","","","","","",""
"Nicaragua","0","1","3","1","2","1","0","0","2","1","1","0","0","0","1","6","1","7","8","2","4"
"Niger","17 435 [ 10 800- 31 200]","16 391 [ 11 500- 24 200]","16 340 [ 11 600- 23 400]","18 087 [ 13 200- 25 100]","20 478 [ 15 300- 27 600]","21 498 [ 16 500- 28 100]","23 360 [ 18 300- 29 500]","24 706 [ 19 900- 30 300]","25 584 [ 21 200- 30 500]","25 514 [ 21 700- 29 700]","24 628 [ 21 500- 28 100]","22 734 [ 20 300- 25 400]","20 669 [ 18 700- 22 700]","19 662 [ 18 000- 21 400]","19 018 [ 17 500- 20 600]","19 595 [ 18 200- 21 100]","19 908 [ 18 500- 21 400]","20 714 [ 19 300- 22 300]","21 946 [ 20 400- 23 600]","25 034 [ 23 300- 26 900]","25 663 [ 24 000- 27 500]"
"Nigeria","199 689 [ 151 000- 275 000]","187 437 [ 152 000- 239 000]","186 937 [ 156 000- 231 000]","176 528 [ 149 000- 212 000]","165 653 [ 143 000- 195 000]","163 058 [ 143 000- 188 000]","165 149 [ 147 000- 186 000]","168 902 [ 152 000- 188 000]","173 305 [ 158 000- 190 000]","184 090 [ 169 000- 200 000]","197 589 [ 183 000- 213 000]","210 258 [ 196 000- 226 000]","221 424 [ 207 000- 237 000]","229 172 [ 215 000- 244 000]","232 391 [ 218 000- 247 000]","230 356 [ 217 000- 244 000]","226 562 [ 214 000- 240 000]","226 464 [ 213 000- 240 000]","230 496 [ 218 000- 244 000]","242 521 [ 229 000- 256 000]","249 308 [ 236 000- 264 000]"
"Niue","No malaria","","","","","","","","","","","","","","","","","","","",""
"Norway","No malaria","","","","","","","","","","","","","","","","","","","",""
"Oman","No malaria No malaria","0","0","0","0","0","0","0","0","0","0","0","0","0","0","0","0","0","0","0","0"
"Pakistan","454 [ 91- 800]","544 [ 100- 960]","511 [ 120- 920]","641 [ 130- 1 250]","823 [ 160- 1 750]","780 [ 150- 1 950]","981 [ 210- 2 270]","1 197 [ 210- 2 870]","1 703 [ 230- 4 320]","1 814 [ 270- 4 400]","1 616 [ 180- 4 200]","1 000 [ 130- 2 800]","679 [ 91- 2 120]","879 [ 110- 2 680]","882 [ 110- 2 630]","923 [ 110- 2 720]","643 [ 100- 1 550]","991 [ 110- 2 900]","1 001 [ 110- 3 010]","1 144 [ 130- 3 310]","995 [ 110- 2 880]"
"Palau","No malaria","","","","","","","","","","","","","","","","","","","",""
"Panama","0","0","0","0","0","0","0","0","1","0","1","0","1","1","1","1","2","4","2","1","1"
"Papua New Guinea","2 962 [ 160- 5 750]","2 250 [ 120- 4 340]","2 562 [ 150- 5 170]","2 502 [ 130- 5 050]","2 557 [ 120- 5 040]","1 857 [ 94- 3 720]","3 134 [ 170- 6 750]","3 452 [ 110- 7 690]","2 694 [ 90- 7 090]","2 030 [ 69- 4 910]","2 343 [ 88- 5 640]","3 367 [ 130- 8 060]","2 498 [ 98- 6 140]","2 675 [ 100- 6 650]","2 924 [ 140- 7 140]","2 796 [ 120- 6 910]","3 517 [ 150- 8 480]","2 816 [ 110- 6 880]","2 635 [ 97- 6 500]","3 075 [ 120- 7 390]","3 142 [ 110- 7 650]"
"Paraguay","No malaria","0","0","0","0","0","0","0","0","0","0","0","0","0","0","0","0","0","0","0","0"
"Peru","23 [ 4- 44]","35 [ 6- 66]","48 [ 9- 80]","64 [ 11- 110]","69 [ 11- 120]","94 [ 18- 180]","60 [ 13- 100]","45 [ 9- 76]","24 [ 6- 41]","19 [ 5- 31]","20 [ 6- 32]","31 [ 8- 51]","34 [ 8- 56]","43 [ 10- 71]","52 [ 13- 85]","80 [ 17- 130]","98 [ 18- 160]","95 [ 17- 160]","108 [ 20- 180]","89 [ 16- 150]","96 [ 13- 170]"
"Philippines","97 [ 3- 470]","31 [ 0 - 61 ]","24 [ 0 - 48 ]","35 [ 1- 70]","37 [ 1- 74]","62 [ 2- 120]","29 [ 0 - 58 ]","36 [ 1- 68]","35 [ 2- 67]","47 [ 2- 91]","113 [ 5- 220]","116 [ 6- 230]","143 [ 8- 280]","217 [ 12- 420]","203 [ 11- 390]","167 [ 8- 320]","233 [ 7- 450]","257 [ 8- 480]","180 [ 5- 340]","143 [ 4- 270]","204 [ 6- 390]"
"Poland","No malaria","","","","","","","","","","","","","","","","","","","",""
"Portugal","No malaria","","","","","","","","","","","","","","","","","","","",""
"Qatar","No malaria","","","","","","","","","","","","","","","","","","","",""
"Republic of Korea","0","0","0","0","0","0","0","0","0","2","1","1","0","1","0","0","0","0","0","0","0"
"Republic of Moldova","No malaria","","","","","","","","","","","","","","","","","","","",""
"North Macedonia","No malaria","","","","","","","","","","","","","","","","","","","",""
"Romania","No malaria","","","","","","","","","","","","","","","","","","","",""
"Russian Federation","No malaria","","","","","","","","","","","","","","","","","","","",""
"Rwanda","3 046 [ 2 840- 3 450]","2 982 [ 2 800- 3 320]","2 932 [ 2 750- 3 240]","2 923 [ 2 730- 3 230]","2 867 [ 2 690- 3 150]","2 799 [ 2 640- 3 040]","2 761 [ 2 610- 2 970]","2 762 [ 2 620- 2 950]","2 778 [ 2 650- 2 940]","2 820 [ 2 700- 2 960]","2 871 [ 2 770- 2 990]","2 854 [ 2 770- 2 950]","2 882 [ 2 800- 2 970]","2 926 [ 2 840- 3 020]","3 028 [ 2 930- 3 130]","3 224 [ 3 120- 3 340]","3 592 [ 3 460- 3 730]","4 248 [ 4 080- 4 430]","5 076 [ 4 850- 5 320]","6 004 [ 5 720- 6 310]","6 191 [ 5 860- 6 550]"
"Saint Kitts and Nevis","No malaria","","","","","","","","","","","","","","","","","","","",""
"Saint Lucia","No malaria","","","","","","","","","","","","","","","","","","","",""
"Saint Vincent and the Grenadines","No malaria","","","","","","","","","","","","","","","","","","","",""
"Samoa","No malaria","","","","","","","","","","","","","","","","","","","",""
"San Marino","No malaria","","","","","","","","","","","","","","","","","","","",""
"Sao Tome and Principe","0","0","0","1","1","0","0","11","7","19","14","23","16","3","26","85","169","193","321","248","254"
"Saudi Arabia","0","0","0","0","0","0","0","0","0","0","0","0","0","0","0","0","0","0","0","0","0"
"Senegal","4 602 [ 4 270- 5 160]","4 470 [ 4 230- 4 780]","4 400 [ 4 190- 4 670]","4 163 [ 4 000- 4 350]","4 056 [ 3 920- 4 210]","4 042 [ 3 920- 4 180]","3 961 [ 3 860- 4 070]","3 834 [ 3 750- 3 930]","3 792 [ 3 710- 3 880]","3 873 [ 3 780- 3 970]","3 908 [ 3 810- 4 010]","3 917 [ 3 820- 4 020]","3 904 [ 3 810- 4 010]","3 869 [ 3 770- 3 970]","3 943 [ 3 840- 4 050]","4 066 [ 3 960- 4 180]","4 419 [ 4 290- 4 560]","5 034 [ 4 870- 5 210]","5 645 [ 5 450- 5 860]","6 404 [ 6 160- 6 670]","6 336 [ 6 100- 6 600]"
"Serbia","No malaria","","","","","","","","","","","","","","","","","","","",""
"Seychelles","No malaria","","","","","","","","","","","","","","","","","","","",""
"Sierra Leone","8 054 [ 6 190- 10 300]","6 904 [ 5 860- 8 160]","7 089 [ 6 120- 8 220]","8 435 [ 7 380- 9 650]","9 394 [ 8 330- 10 600]","10 818 [ 9 700- 12 100]","11 151 [ 10 100- 12 300]","12 628 [ 11 600- 13 800]","14 051 [ 12 900- 15 300]","14 951 [ 13 800- 16 200]","15 137 [ 14 000- 16 300]","14 149 [ 13 200- 15 200]","12 609 [ 11 800- 13 500]","10 976 [ 10 300- 11 700]","10 638 [ 9 960- 11 300]","10 999 [ 10 300- 11 700]","11 968 [ 11 200- 12 700]","13 478 [ 12 700- 14 400]","14 567 [ 13 700- 15 500]","15 093 [ 14 200- 16 100]","14 506 [ 13 600- 15 500]"
"Singapore","No malaria","","","","","","","","","","","","","","","","","","","",""
"Slovakia","No malaria","","","","","","","","","","","","","","","","","","","",""
"Slovenia","No malaria","","","","","","","","","","","","","","","","","","","",""
"Solomon Islands","124 [ 17- 200]","161 [ 20- 300]","109 [ 12- 180]","134 [ 14- 250]","103 [ 11- 170]","57 [ 5- 99]","48 [ 3- 87]","83 [ 6- 160]","89 [ 6- 180]","108 [ 7- 220]","163 [ 10- 330]","142 [ 8- 290]","182 [ 10- 360]","310 [ 17- 630]","549 [ 30- 1 240]","547 [ 31- 1 230]","652 [ 37- 1 450]","456 [ 27- 920]","513 [ 31- 1 150]","521 [ 33- 1 150]","476 [ 28- 1 070]"
"Somalia","2 123 [ 57- 4 730]","1 942 [ 52- 4 330]","1 977 [ 52- 4 400]","2 081 [ 56- 4 640]","2 034 [ 54- 4 560]","1 969 [ 52- 4 370]","1 639 [ 45- 3 630]","1 396 [ 38- 3 090]","1 162 [ 31- 2 530]","1 128 [ 30- 2 460]","1 347 [ 35- 2 970]","1 152 [ 31- 2 480]","1 841 [ 50- 4 080]","2 852 [ 80- 6 340]","3 308 [ 92- 7 310]","3 652 [ 99- 8 000]","3 111 [ 83- 7 090]","3 040 [ 78- 7 600]","3 069 [ 74- 7 860]","2 962 [ 71- 8 350]","2 852 [ 72- 8 060]"
"South Africa","38","79","69","301","34","110","174","105","72","54","83","45","43","37","87","63","88","142","96","81","424"
"South Sudan","7 431 [ 4 370- 13 600]","7 194 [ 4 450- 12 000]","6 961 [ 4 490- 11 000]","7 156 [ 4 700- 11 000]","6 810 [ 4 670- 9 990]","6 410 [ 4 600- 8 940]","6 062 [ 4 490- 8 160]","5 736 [ 4 400- 7 440]","5 687 [ 4 480- 7 190]","5 784 [ 4 650- 7 150]","6 037 [ 4 930- 7 320]","6 342 [ 5 270- 7 590]","6 644 [ 5 620- 7 820]","6 815 [ 5 880- 7 910]","7 177 [ 6 240- 8 240]","7 498 [ 6 580- 8 540]","8 047 [ 7 100- 9 130]","8 739 [ 7 720- 9 890]","9 401 [ 8 300- 10 600]","10 497 [ 9 240- 11 900]","10 974 [ 9 630- 12 500]"
"Spain","No malaria","","","","","","","","","","","","","","","","","","","",""
"Sri Lanka","No malaria","0","0","0","0","0","0","0","0","0","0","0","0","1","1","0","1","4","30","52","77"
"Sudan","7 533 [ 260- 18 200]","6 609 [ 220- 16 100]","5 854 [ 190- 14 500]","5 230 [ 170- 12 700]","4 581 [ 210- 10 200]","4 023 [ 140- 8 120]","3 589 [ 130- 7 000]","3 174 [ 120- 6 060]","2 932 [ 110- 5 500]","2 820 [ 110- 5 320]","2 770 [ 100- 5 270]","2 866 [ 110- 5 430]","3 129 [ 120- 6 020]","3 688 [ 130- 7 570]","4 087 [ 140- 8 580]","4 144 [ 140- 8 800]","4 099 [ 140- 8 700]","4 409 [ 150- 9 270]","4 688 [ 160- 9 840]","5 919 [ 210- 12 100]","6 200 [ 220- 12 500]"
"Suriname","0","0","0","1","0","0","1","1","0","1","1","0","0","1","1","1","7","18","15","23","24"
"Sweden","No malaria","","","","","","","","","","","","","","","","","","","",""
"Switzerland","No malaria","","","","","","","","","","","","","","","","","","","",""
"Syrian Arab Republic","No malaria No malaria","0","0","0","0","0","0","0","0","0","0","0","0","0","0","0","0","0","0","0","0"
"Tajikistan","No malaria","0","0","0","0","0","0","0","0","0","0","0","0","0","0","0","0","0","0","0","0"
"Thailand","3","13","15","15","27","33","38","47","37","43","80","70","101","97","113","161","230","204","361","424","625"
"Timor-Leste","0","0","0","0","0","0","0 [ 0 - 1 ]","2 [ 0 - 3 ]","10 [ 0 - 17 ]","69 [ 3- 130]","198 [ 11- 380]","198 [ 11- 370]","271 [ 14- 530]","226 [ 13- 430]","326 [ 18- 650]","304 [ 17- 580]","449 [ 26- 890]","125 [ 7- 220]","199 [ 11- 380]","245 [ 9- 740]","241 [ 9- 750]"
"Togo","No malaria","3 584 [ 3 100- 4 170]","3 589 [ 3 150- 4 110]","3 695 [ 3 280- 4 170]","4 298 [ 3 840- 4 830]","5 058 [ 4 520- 5 650]","5 210 [ 4 700- 5 770]","5 042 [ 4 580- 5 540]","4 389 [ 4 030- 4 780]","3 917 [ 3 620- 4 240]","3 917 [ 3 640- 4 220]","4 142 [ 3 860- 4 450]","4 912 [ 4 580- 5 270]","5 987 [ 5 580- 6 410]","6 601 [ 6 170- 7 070]","6 808 [ 6 370- 7 280]","6 473 [ 6 070- 6 910]","5 897 [ 5 540- 6 280]","5 560 [ 5 230- 5 920]","5 427 [ 5 120- 5 780]","5 462 [ 5 140- 5 810]"
"Tonga","No malaria","","","","","","","","","","","","","","","","","","","",""
"Trinidad and Tobago","No malaria","","","","","","","","","","","","","","","","","","","",""
"Tunisia","No malaria","","","","","","","","","","","","","","","","","","","",""
"Türkiye","No malaria No malaria","0","0","0","0","0","0","0","0","0","0","0","0","0","0","0","0","0","0","0","0"
"Turkmenistan","No malaria No malaria","0","0","0","0","0","0","0","0","0","0","0","0","0","0","0","0","0","0","0","0"
"Tuvalu","No malaria","","","","","","","","","","","","","","","","","","","",""
"Uganda","21 699 [ 16 500- 30 900]","17 766 [ 15 900- 20 200]","17 652 [ 16 000- 19 700]","21 315 [ 19 200- 23 900]","19 158 [ 17 600- 21 000]","16 198 [ 15 200- 17 300]","15 581 [ 14 800- 16 500]","16 421 [ 15 600- 17 300]","20 233 [ 19 200- 21 400]","24 423 [ 23 100- 25 800]","27 679 [ 26 200- 29 200]","29 622 [ 28 100- 31 200]","27 478 [ 26 100- 28 900]","24 820 [ 23 700- 26 100]","25 471 [ 24 300- 26 700]","28 954 [ 27 600- 30 400]","37 194 [ 35 400- 39 200]","45 326 [ 43 100- 47 800]","50 654 [ 48 100- 53 400]","51 831 [ 49 200- 54 600]","45 764 [ 43 500- 48 100]"
"Ukraine","No malaria","","","","","","","","","","","","","","","","","","","",""
"United Arab Emirates","No malaria No malaria","0","0","0","0","0","0","0","0","0","0","0","0","0","0","0","0","0","0","0","0"
"United Kingdom of Great Britain and Northern Ireland","No malaria","","","","","","","","","","","","","","","","","","","",""
"United Republic of Tanzania","25 972 [ 23 100- 32 200]","23 742 [ 21 800- 26 600]","23 376 [ 21 600- 25 900]","23 021 [ 21 400- 25 200]","22 999 [ 21 500- 24 900]","22 380 [ 21 100- 24 000]","22 012 [ 20 900- 23 300]","21 522 [ 20 600- 22 600]","20 707 [ 19 900- 21 700]","21 130 [ 20 300- 22 100]","21 475 [ 20 700- 22 400]","21 608 [ 20 800- 22 500]","21 803 [ 21 000- 22 700]","22 162 [ 21 300- 23 100]","23 341 [ 22 400- 24 400]","25 049 [ 24 000- 26 200]","27 362 [ 26 200- 28 600]","30 612 [ 29 300- 32 000]","33 657 [ 32 200- 35 200]","38 471 [ 36 800- 40 300]","40 887 [ 39 100- 42 900]"
"United States of America","No malaria","","","","","","","","","","","","","","","","","","","",""
"Uruguay","No malaria","","","","","","","","","","","","","","","","","","","",""
"Uzbekistan","No malaria","0","0","0","0","0","0","0","0","0","0","0","0","0","0","0","0","0","0","0","0"
"Vanuatu","0","0","0","0","0","0","0","0","0","14 [ 1- 27]","27 [ 2- 52]","22 [ 1- 51]","37 [ 2- 190]","36 [ 3- 170]","30 [ 2- 63]","35 [ 3- 71]","61 [ 5- 120]","68 [ 5- 140]","52 [ 4- 100]","24 [ 1- 49]","34 [ 2- 75]"
"Venezuela (Bolivarian Republic of)","203 [ 37- 330]","351 [ 77- 570]","373 [ 77- 600]","424 [ 78- 690]","261 [ 45- 420]","150 [ 25- 240]","110 [ 16- 180]","105 [ 13- 170]","56 [ 9- 92]","47 [ 8- 76]","53 [ 8- 91]","36 [ 6- 58]","26 [ 5- 43]","37 [ 7- 61]","33 [ 6- 53]","34 [ 8- 55]","30 [ 9- 51]","27 [ 5- 45]","19 [ 5- 31]","15 [ 3- 25]","26 [ 5- 44]"
"Viet Nam","2 [ 0 - 4 ]","5 [ 0 - 9 ]","6 [ 0 - 10 ]","9 [ 0 - 15 ]","7 [ 0 - 12 ]","16 [ 1- 25]","29 [ 2- 47]","34 [ 2- 56]","41 [ 2- 68]","36 [ 2- 60]","45 [ 2- 76]","47 [ 1- 81]","37 [ 1- 64]","53 [ 2- 92]","92 [ 4- 160]","79 [ 4- 140]","115 [ 6- 210]","197 [ 11- 360]","271 [ 15- 500]","380 [ 21- 700]","421 [ 22- 790]"
"Yemen","1 979 [ 63- 4 040]","2 134 [ 68- 4 380]","2 211 [ 70- 4 580]","1 886 [ 62- 3 880]","1 681 [ 53- 3 450]","1 309 [ 41- 2 690]","1 498 [ 46- 3 110]","1 786 [ 55- 3 670]","2 197 [ 67- 4 770]","2 015 [ 60- 4 630]","2 866 [ 83- 7 300]","1 779 [ 48- 5 420]","1 361 [ 37- 3 990]","2 117 [ 61- 5 980]","3 027 [ 76- 17 600]","2 495 [ 64- 13 700]","2 391 [ 61- 12 800]","2 964 [ 73- 15 100]","3 283 [ 86- 16 700]","2 947 [ 76- 15 600]","2 640 [ 68- 14 000]"
"Zambia","8 946 [ 7 820- 10 400]","7 996 [ 7 360- 8 790]","7 862 [ 7 310- 8 530]","7 825 [ 7 350- 8 380]","7 988 [ 7 550- 8 480]","8 070 [ 7 660- 8 520]","8 222 [ 7 840- 8 650]","7 827 [ 7 490- 8 190]","7 388 [ 7 100- 7 700]","7 076 [ 6 820- 7 360]","6 770 [ 6 540- 7 030]","6 701 [ 6 470- 6 950]","6 708 [ 6 470- 6 950]","6 851 [ 6 600- 7 110]","7 262 [ 6 990- 7 560]","7 899 [ 7 580- 8 250]","9 007 [ 8 630- 9 420]","10 421 [ 9 970- 10 900]","11 675 [ 11 100- 12 200]","13 075 [ 12 500- 13 800]","13 121 [ 12 500- 13 800]"
"Zimbabwe","2 951 [ 79- 6 220]","2 003 [ 54- 4 230]","1 624 [ 45- 3 350]","3 410 [ 96- 7 100]","1 933 [ 55- 3 910]","2 718 [ 79- 5 440]","2 790 [ 86- 5 310]","2 205 [ 67- 4 260]","1 512 [ 44- 2 980]","1 837 [ 53- 3 740]","2 810 [ 75- 6 240]","2 276 [ 57- 5 340]","1 864 [ 36- 4 960]","4 326 [ 110- 10 600]","2 769 [ 51- 8 540]","2 751 [ 50- 8 550]","2 738 [ 50- 8 510]","2 730 [ 50- 8 560]","2 723 [ 51- 8 280]","2 716 [ 50- 8 530]","2 707 [ 51- 8 330]"
