state,county,total_employees
AE,APO,2
AK,ANCHORAGE,7
AK,FAIRBANKS NORTH STAR,2
AK,JUNEAU,3
AK,MATANUSKA-SUSITNA,2
AK,SITKA,1
AK,SKAGWAY MUNICIPALITY,88
AL,AUTAUGA,102
AL,BALDWIN,143
AL,BARBOUR,1
AL,BIBB,25
AL,BLOUNT,154
AL,BULLOCK,13
AL,BUTLER,29
AL,CALHOUN,45
AL,CHAMBERS,13
AL,CHEROKEE,9
AL,CHILTON,72
AL,CHOCTAW,7
AL,CLARKE,26
AL,CLAY,10
AL,CLEBURNE,7
AL,COFFEE,14
AL,COLBERT,199
AL,CONECUH,11
AL,COOSA,5
AL,COVINGTON,12
AL,CRENSHAW,5
AL,CULLMAN,129
AL,DALE,11
AL,DALLAS,122
AL,DEKALB,33
AL,ELMORE,116
AL,ESCAMBIA,47
AL,ETOWAH,78
AL,FAYETTE,3
AL,FRANKLIN,40
AL,GENEVA,8
AL,GREENE,7
AL,HALE,8
AL,HENRY,1
AL,HOUSTON,46
AL,JACKSON,55
AL,JEFFERSON,990
AL,LAMAR,25
AL,LAUDERDALE,117
AL,LAWRENCE,11
AL,LEE,46
AL,LIMESTONE,7
AL,LOWNDES,7
AL,MACON,6
AL,MADISON,29
AL,MARENGO,16
AL,MARION,17
AL,MARSHALL,29
AL,MOBILE,331
AL,MONROE,43
AL,MONTGOMERY,102
AL,MORGAN,42
AL,PERRY,4
AL,PICKENS,24
AL,PIKE,19
AL,RANDOLPH,39
AL,RUSSELL,38
AL,SHELBY,158
AL,ST CLAIR,162
AL,SUMTER,9
AL,TALLADEGA,42
AL,TALLAPOOSA,19
AL,TUSCALOOSA,60
AL,WALKER,192
AL,WASHINGTON,11
AL,WILCOX,11
AL,WINSTON,45
AP,APO,1
AR,ARKANSAS,11
AR,ASHLEY,18
AR,BAXTER,25
AR,BENTON,35
AR,BOONE,5
AR,BRADLEY,8
AR,CALHOUN,5
AR,CHICOT,3
AR,CLARK,40
AR,CLAY,13
AR,CLEBURNE,8
AR,CLEVELAND,79
AR,COLUMBIA,5
AR,CONWAY,19
AR,CRAIGHEAD,61
AR,CRAWFORD,55
AR,CRITTENDEN,48
AR,CROSS,30
AR,DALLAS,12
AR,DESHA,15
AR,DREW,34
AR,FAULKNER,289
AR,FRANKLIN,5
AR,FULTON,54
AR,GARLAND,68
AR,GRANT,167
AR,GREENE,15
AR,HEMPSTEAD,6
AR,HOT SPRING,79
AR,HOWARD,37
AR,INDEPENDENCE,32
AR,IZARD,4
AR,JACKSON,13
AR,JEFFERSON,361
AR,JOHNSON,7
AR,LAFAYETTE,11
AR,LAWRENCE,32
AR,LEE,3
AR,LINCOLN,54
AR,LITTLE RIVER,22
AR,LOGAN,4
AR,LONOKE,330
AR,MADISON,7
AR,MARION,8
AR,MILLER,10
AR,MISSISSIPPI,18
AR,MONROE,7
AR,MONTGOMERY,2
AR,NEVADA,15
AR,NEWTON,1
AR,OUACHITA,15
AR,PERRY,22
AR,PHILLIPS,11
AR,PIKE,10
AR,POINSETT,4
AR,POLK,17
AR,POPE,31
AR,PRAIRIE,5
AR,PULASKI,972
AR,RANDOLPH,19
AR,SALINE,262
AR,SCOTT,3
AR,SEBASTIAN,43
AR,SEVIER,50
AR,SHARP,20
AR,ST FRANCIS,16
AR,STONE,2
AR,UNION,20
AR,VAN BUREN,2
AR,WASHINGTON,46
AR,WHITE,102
AR,YELL,9
AZ,APACHE,270
AZ,COCHISE,60
AZ,COCONINO,268
AZ,GILA,37
AZ,GRAHAM,48
AZ,GREENLEE,3
AZ,LA PAZ,10
AZ,MARICOPA,462
AZ,MOHAVE,407
AZ,NAVAJO,510
AZ,PIMA,749
AZ,PINAL,154
AZ,SANTA CRUZ,18
AZ,YAVAPAI,63
AZ,YUMA,94
CA,ALAMEDA,346
CA,AMADOR,9
CA,BUTTE,69
CA,CALAVERAS,30
CA,COLUSA,2
CA,CONTRA COSTA,348
CA,EL DORADO,103
CA,FRESNO,341
CA,GLENN,4
CA,HUMBOLDT,2
CA,IMPERIAL,65
CA,KERN,500
CA,KINGS,21
CA,LAKE,2
CA,LASSEN,14
CA,LOS ANGELES,2545
CA,MADERA,39
CA,MARIN,12
CA,MARIPOSA,4
CA,MENDOCINO,6
CA,MERCED,59
CA,MODOC,3
CA,MONO,1
CA,MONTEREY,29
CA,NAPA,17
CA,NEVADA,36
CA,ORANGE,460
CA,PLACER,539
CA,PLUMAS,84
CA,RIVERSIDE,1567
CA,SACRAMENTO,738
CA,SAN BENITO,13
CA,SAN BERNARDINO,2888
CA,SAN DIEGO,206
CA,SAN FRANCISCO,61
CA,SAN JOAQUIN,474
CA,SAN LUIS OBISPO,98
CA,SAN MATEO,80
CA,SANTA BARBARA,36
CA,SANTA CLARA,244
CA,SANTA CRUZ,44
CA,SHASTA,69
CA,SIERRA,2
CA,SISKIYOU,83
CA,SOLANO,221
CA,SONOMA,38
CA,STANISLAUS,195
CA,SUTTER,54
CA,TEHAMA,10
CA,TRINITY,2
CA,TULARE,97
CA,TUOLUMNE,9
CA,VENTURA,68
CA,YOLO,62
CA,YUBA,88
CO,ADAMS,553
CO,ALAMOSA,10
CO,ARAPAHOE,128
CO,ARCHULETA,2
CO,BACA,3
CO,BENT,1
CO,BOULDER,71
CO,BROOMFIELD,42
CO,CHAFFEE,6
CO,CHEYENNE,1
CO,CLEAR CREEK,2
CO,CONEJOS,6
CO,COSTILLA,1
CO,CROWLEY,7
CO,CUSTER,3
CO,DELTA,16
CO,DENVER,503
CO,DOLORES,1
CO,DOUGLAS,112
CO,EAGLE,10
CO,EL PASO,129
CO,ELBERT,10
CO,FREMONT,28
CO,GARFIELD,13
CO,GILPIN,5
CO,GRAND,10
CO,GUNNISON,1
CO,HUERFANO,10
CO,JEFFERSON,267
CO,KIOWA,3
CO,KIT CARSON,2
CO,LA PLATA,1
CO,LAKE,2
CO,LARIMER,159
CO,LAS ANIMAS,77
CO,LINCOLN,5
CO,LOGAN,137
CO,MESA,252
CO,MOFFAT,6
CO,MONTEZUMA,2
CO,MONTROSE,10
CO,MORGAN,34
CO,OTERO,141
CO,PARK,12
CO,PHILLIPS,4
CO,PITKIN,1
CO,PROWERS,26
CO,PUEBLO,526
CO,RIO GRANDE,10
CO,ROUTT,30
CO,SAGUACHE,2
CO,SEDGWICK,16
CO,SUMMIT,6
CO,TELLER,6
CO,WASHINGTON,3
CO,WELD,223
CO,YUMA,3
CT,FAIRFIELD,486
CT,HARTFORD,113
CT,LITCHFIELD,57
CT,MIDDLESEX,137
CT,NEW HAVEN,1561
CT,NEW LONDON,146
CT,TOLLAND,26
CT,WINDHAM,66
DC,WASHINGTON DC,279
DE,KENT,158
DE,NEW CASTLE,1275
DE,SUSSEX,62
FL,ALACHUA,22
FL,BAKER,81
FL,BAY,45
FL,BRADFORD,20
FL,BREVARD,33
FL,BROWARD,294
FL,CALHOUN,1
FL,CHARLOTTE,10
FL,CITRUS,23
FL,CLAY,636
FL,COLLIER,14
FL,COLUMBIA,35
FL,DESOTO,9
FL,DIXIE,2
FL,DUVAL,3073
FL,ESCAMBIA,124
FL,FLAGLER,29
FL,FRANKLIN,2
FL,GADSDEN,5
FL,GILCHRIST,1
FL,GLADES,5
FL,GULF,6
FL,HAMILTON,11
FL,HARDEE,2
FL,HENDRY,1
FL,HERNANDO,30
FL,HIGHLANDS,15
FL,HILLSBOROUGH,387
FL,HOLMES,6
FL,INDIAN RIVER,12
FL,JACKSON,12
FL,JEFFERSON,3
FL,LAFAYETTE,5
FL,LAKE,77
FL,LEE,43
FL,LEON,21
FL,LEVY,6
FL,LIBERTY,1
FL,MADISON,1
FL,MANATEE,23
FL,MARION,48
FL,MARTIN,9
FL,MIAMI-DADE,346
FL,MONROE,7
FL,NASSAU,242
FL,OKALOOSA,6
FL,OKEECHOBEE,12
FL,ORANGE,101
FL,OSCEOLA,30
FL,PALM BEACH,155
FL,PASCO,71
FL,PINELLAS,73
FL,POLK,238
FL,PUTNAM,34
FL,SANTA ROSA,48
FL,SARASOTA,18
FL,SEMINOLE,92
FL,ST JOHNS,449
FL,ST LUCIE,56
FL,SUMTER,36
FL,SUWANNEE,11
FL,TAYLOR,5
FL,UNION,11
FL,VOLUSIA,175
FL,WAKULLA,4
FL,WALTON,3
FL,WASHINGTON,13
GA,APPLING,24
GA,ATKINSON,22
GA,BACON,56
GA,BALDWIN,11
GA,BANKS,1
GA,BARROW,32
GA,BARTOW,114
GA,BEN HILL,120
GA,BERRIEN,12
GA,BIBB,304
GA,BLECKLEY,17
GA,BRANTLEY,112
GA,BROOKS,4
GA,BRYAN,95
GA,BULLOCH,42
GA,BURKE,17
GA,BUTTS,23
GA,CALHOUN,3
GA,CAMDEN,41
GA,CANDLER,4
GA,CARROLL,130
GA,CATOOSA,120
GA,CHARLTON,35
GA,CHATHAM,281
GA,CHATTAHOOCHEE,4
GA,CHATTOOGA,4
GA,CHEROKEE,129
GA,CLARKE,9
GA,CLAY,2
GA,CLAYTON,194
GA,CLINCH,16
GA,COBB,661
GA,COFFEE,85
GA,COLQUITT,5
GA,COLUMBIA,89
GA,COOK,4
GA,COWETA,116
GA,CRAWFORD,6
GA,CRISP,12
GA,DADE,31
GA,DAWSON,3
GA,DECATUR,11
GA,DEKALB,315
GA,DODGE,9
GA,DOOLY,6
GA,DOUGHERTY,43
GA,DOUGLAS,282
GA,EARLY,6
GA,EFFINGHAM,130
GA,ELBERT,1
GA,EMANUEL,33
GA,EVANS,5
GA,FANNIN,9
GA,FAYETTE,177
GA,FLOYD,31
GA,FORSYTH,40
GA,FRANKLIN,6
GA,FULTON,878
GA,GILMER,6
GA,GLASCOCK,1
GA,GLYNN,40
GA,GORDON,33
GA,GRADY,9
GA,GREENE,5
GA,GWINNETT,372
GA,HABERSHAM,12
GA,HALL,55
GA,HANCOCK,4
GA,HARALSON,21
GA,HARRIS,37
GA,HART,10
GA,HEARD,4
GA,HENRY,269
GA,HOUSTON,89
GA,IRWIN,24
GA,JACKSON,38
GA,JASPER,13
GA,JEFF DAVIS,12
GA,JEFFERSON,11
GA,JENKINS,17
GA,JOHNSON,4
GA,JONES,42
GA,LAMAR,19
GA,LANIER,10
GA,LAURENS,11
GA,LEE,22
GA,LIBERTY,28
GA,LINCOLN,15
GA,LONG,4
GA,LOWNDES,87
GA,LUMPKIN,2
GA,MACON,4
GA,MADISON,6
GA,MARION,7
GA,MCDUFFIE,32
GA,MCINTOSH,7
GA,MERIWETHER,78
GA,MILLER,2
GA,MITCHELL,6
GA,MONROE,63
GA,MONTGOMERY,4
GA,MORGAN,2
GA,MURRAY,6
GA,MUSCOGEE,84
GA,NEWTON,9
GA,OCONEE,7
GA,OGLETHORPE,3
GA,PAULDING,200
GA,PEACH,47
GA,PICKENS,16
GA,PIERCE,271
GA,PIKE,17
GA,POLK,65
GA,PULASKI,3
GA,PUTNAM,10
GA,RABUN,4
GA,RANDOLPH,12
GA,RICHMOND,206
GA,ROCKDALE,60
GA,SCHLEY,7
GA,SCREVEN,7
GA,SEMINOLE,2
GA,SPALDING,33
GA,STEPHENS,8
GA,STEWART,3
GA,SUMTER,9
GA,TALBOT,13
GA,TATTNALL,4
GA,TAYLOR,11
GA,TELFAIR,5
GA,TERRELL,9
GA,THOMAS,30
GA,TIFT,13
GA,TOOMBS,28
GA,TREUTLEN,1
GA,TROUP,53
GA,TURNER,7
GA,TWIGGS,12
GA,UPSON,18
GA,WALKER,54
GA,WALTON,117
GA,WARE,413
GA,WARREN,8
GA,WASHINGTON,34
GA,WAYNE,94
GA,WEBSTER,3
GA,WHITE,3
GA,WHITFIELD,22
GA,WILCOX,15
GA,WILKES,7
GA,WILKINSON,22
GA,WORTH,11
HI,HAWAII,1
HI,HONOLULU,2
HI,KAUAI,1
IA,ADAIR,5
IA,ADAMS,7
IA,ALLAMAKEE,18
IA,APPANOOSE,13
IA,AUDUBON,1
IA,BENTON,39
IA,BLACK HAWK,116
IA,BOONE,206
IA,BREMER,17
IA,BUCHANAN,35
IA,BUENA VISTA,2
IA,BUTLER,23
IA,CALHOUN,16
IA,CARROLL,38
IA,CASS,13
IA,CEDAR,19
IA,CERRO GORDO,157
IA,CHEROKEE,2
IA,CHICKASAW,7
IA,CLARKE,16
IA,CLAY,2
IA,CLAYTON,24
IA,CLINTON,140
IA,CRAWFORD,8
IA,DALLAS,46
IA,DAVIS,11
IA,DECATUR,9
IA,DELAWARE,18
IA,DES MOINES,179
IA,DICKINSON,2
IA,DUBUQUE,71
IA,EMMET,6
IA,FAYETTE,23
IA,FLOYD,34
IA,FRANKLIN,11
IA,FREMONT,15
IA,GREENE,19
IA,GRUNDY,9
IA,GUTHRIE,10
IA,HAMILTON,31
IA,HANCOCK,10
IA,HARDIN,20
IA,HARRISON,102
IA,HENRY,26
IA,HOWARD,1
IA,HUMBOLDT,17
IA,IDA,1
IA,IOWA,13
IA,JACKSON,26
IA,JASPER,24
IA,JEFFERSON,10
IA,JOHNSON,37
IA,JONES,14
IA,KEOKUK,3
IA,KOSSUTH,5
IA,LEE,204
IA,LINN,146
IA,LOUISA,7
IA,LUCAS,5
IA,LYON,2
IA,MADISON,12
IA,MAHASKA,3
IA,MARION,14
IA,MARSHALL,90
IA,MILLS,96
IA,MITCHELL,15
IA,MONONA,12
IA,MONROE,14
IA,MONTGOMERY,19
IA,MUSCATINE,29
IA,O'BRIEN,1
IA,OSCEOLA,1
IA,PAGE,13
IA,PALO ALTO,2
IA,PLYMOUTH,14
IA,POCAHONTAS,5
IA,POLK,235
IA,POTTAWATTAMIE,609
IA,POWESHIEK,7
IA,RINGGOLD,13
IA,SAC,10
IA,SCOTT,137
IA,SHELBY,12
IA,SIOUX,1
IA,STORY,94
IA,TAMA,20
IA,TAYLOR,3
IA,UNION,70
IA,VAN BUREN,8
IA,WAPELLO,42
IA,WARREN,37
IA,WASHINGTON,10
IA,WAYNE,5
IA,WEBSTER,65
IA,WINNEBAGO,6
IA,WINNESHIEK,1
IA,WOODBURY,155
IA,WORTH,12
IA,WRIGHT,36
ID,ADA,81
ID,ADAMS,2
ID,BANNOCK,538
ID,BEAR LAKE,71
ID,BENEWAH,10
ID,BINGHAM,47
ID,BOISE,3
ID,BONNER,40
ID,BONNEVILLE,44
ID,BOUNDARY,44
ID,CANYON,168
ID,CARIBOU,12
ID,CASSIA,16
ID,CLEARWATER,1
ID,CUSTER,1
ID,ELMORE,9
ID,FRANKLIN,20
ID,FREMONT,1
ID,GEM,26
ID,GOODING,4
ID,IDAHO,4
ID,JEFFERSON,6
ID,JEROME,11
ID,KOOTENAI,205
ID,LATAH,11
ID,LEWIS,2
ID,LINCOLN,6
ID,MINIDOKA,32
ID,NEZ PERCE,13
ID,ONEIDA,8
ID,OWYHEE,7
ID,PAYETTE,23
ID,POWER,12
ID,TWIN FALLS,63
ID,VALLEY,1
ID,WASHINGTON,21
IL,ADAMS,116
IL,ALEXANDER,2
IL,BOND,23
IL,BOONE,44
IL,BROWN,7
IL,BUREAU,35
IL,CALHOUN,4
IL,CARROLL,96
IL,CASS,66
IL,CHAMPAIGN,131
IL,CHRISTIAN,104
IL,CLARK,24
IL,CLAY,14
IL,CLINTON,38
IL,COLES,42
IL,COOK,8207
IL,CRAWFORD,12
IL,CUMBERLAND,9
IL,DE WITT,46
IL,DEKALB,119
IL,DOUGLAS,60
IL,DUPAGE,837
IL,DUPAGEE,45
IL,EDGAR,12
IL,EDWARDS,4
IL,EFFINGHAM,33
IL,FAYETTE,32
IL,FORD,23
IL,FRANKLIN,39
IL,FULTON,56
IL,GALLATIN,7
IL,GREENE,13
IL,GRUNDY,83
IL,HAMILTON,19
IL,HANCOCK,127
IL,HARDIN,1
IL,HENDERSON,100
IL,HENRY,74
IL,IROQUOIS,87
IL,JACKSON,37
IL,JASPER,4
IL,JEFFERSON,72
IL,JERSEY,14
IL,JO DAVIESS,14
IL,JOHNSON,26
IL,KANE,577
IL,KANKAKEE,289
IL,KENDALL,122
IL,KNOX,885
IL,LA SALLE,132
IL,LAKE,340
IL,LAWRENCE,6
IL,LEE,40
IL,LIVINGSTON,12
IL,LOGAN,16
IL,MACON,425
IL,MACOUPIN,79
IL,MADISON,427
IL,MARION,261
IL,MARSHALL,10
IL,MASON,23
IL,MASSAC,9
IL,MCDONOUGH,53
IL,MCHENRY,273
IL,MCLEAN,45
IL,MENARD,10
IL,MERCER,18
IL,MONROE,122
IL,MONTGOMERY,38
IL,MORGAN,43
IL,MOULTRIE,49
IL,OGLE,75
IL,PEORIA,130
IL,PERRY,20
IL,PIATT,54
IL,PIKE,50
IL,POPE,1
IL,PULASKI,7
IL,PUTNAM,5
IL,RANDOLPH,68
IL,RICHLAND,9
IL,ROCK ISLAND,94
IL,SALINE,11
IL,SANGAMON,114
IL,SCHUYLER,32
IL,SCOTT,15
IL,SHELBY,45
IL,ST CLAIR,495
IL,STARK,5
IL,STEPHENSON,33
IL,TAZEWELL,71
IL,UNION,41
IL,VERMILION,178
IL,WABASH,14
IL,WARREN,188
IL,WASHINGTON,29
IL,WAYNE,18
IL,WHITE,16
IL,WHITESIDE,124
IL,WILL,1784
IL,WILLIAMSON,53
IL,WINNEBAGO,76
IL,WOODFORD,14
IN,ADAMS,11
IN,ALLEN,536
IN,BARTHOLOMEW,12
IN,BENTON,6
IN,BLACKFORD,24
IN,BOONE,22
IN,BROWN,7
IN,CARROLL,26
IN,CASS,35
IN,CLARK,131
IN,CLAY,28
IN,CLINTON,28
IN,CRAWFORD,21
IN,DAVIESS,35
IN,DEARBORN,50
IN,DECATUR,7
IN,DEKALB,118
IN,DELAWARE,125
IN,DUBOIS,35
IN,ELKHART,306
IN,FAYETTE,19
IN,FLOYD,85
IN,FOUNTAIN,21
IN,FRANKLIN,10
IN,FULTON,8
IN,GIBSON,153
IN,GRANT,39
IN,GREENE,72
IN,HAMILTON,63
IN,HANCOCK,60
IN,HARRISON,147
IN,HENDRICKS,229
IN,HENRY,35
IN,HOWARD,34
IN,HUNTINGTON,66
IN,JACKSON,11
IN,JASPER,80
IN,JAY,18
IN,JEFFERSON,10
IN,JENNINGS,13
IN,JOHNSON,165
IN,KNOX,16
IN,KOSCIUSKO,30
IN,LAGRANGE,16
IN,LAKE,1999
IN,LAPORTE,360
IN,LAPORTEE,24
IN,LAWRENCE,16
IN,MADISON,70
IN,MARION,703
IN,MARSHALL,40
IN,MARTIN,3
IN,MIAMI,146
IN,MONROE,27
IN,MONTGOMERY,30
IN,MORGAN,105
IN,NEWTON,18
IN,NOBLE,59
IN,OHIO,5
IN,ORANGE,7
IN,OWEN,19
IN,PARKE,10
IN,PERRY,7
IN,PIKE,27
IN,PORTER,550
IN,POSEY,41
IN,PULASKI,11
IN,PUTNAM,41
IN,RANDOLPH,23
IN,RIPLEY,8
IN,RUSH,7
IN,SCOTT,10
IN,SHELBY,43
IN,SPENCER,23
IN,ST JOSEPH,258
IN,STARKE,58
IN,STEUBEN,45
IN,SULLIVAN,34
IN,TIPPECANOE,118
IN,TIPTON,14
IN,UNION,7
IN,VANDERBURGH,221
IN,VERMILLION,23
IN,VIGO,103
IN,WABASH,30
IN,WARREN,8
IN,WARRICK,82
IN,WASHINGTON,29
IN,WAYNE,12
IN,WELLS,39
IN,WHITE,23
IN,WHITLEY,38
KS,ALLEN,16
KS,ANDERSON,12
KS,ATCHISON,42
KS,BARBER,11
KS,BARTON,22
KS,BOURBON,47
KS,BROWN,14
KS,BUTLER,76
KS,CHASE,11
KS,CHAUTAUQUA,1
KS,CHEROKEE,38
KS,CLAY,5
KS,CLOUD,14
KS,COFFEY,10
KS,COMANCHE,1
KS,COWLEY,94
KS,CRAWFORD,205
KS,DECATUR,3
KS,DICKINSON,138
KS,DONIPHAN,24
KS,DOUGLAS,126
KS,EDWARDS,4
KS,ELK,7
KS,ELLIS,12
KS,ELLSWORTH,3
KS,FINNEY,9
KS,FORD,22
KS,FRANKLIN,72
KS,GEARY,24
KS,GRAY,1
KS,GREELEY,3
KS,GREENWOOD,3
KS,HAMILTON,1
KS,HARPER,14
KS,HARVEY,153
KS,HASKELL,19
KS,HODGEMAN,4
KS,JACKSON,56
KS,JEFFERSON,122
KS,JEWELL,1
KS,JOHNSON,1286
KS,KINGMAN,12
KS,KIOWA,1
KS,LABETTE,88
KS,LEAVENWORTH,232
KS,LINCOLN,2
KS,LINN,31
KS,LOGAN,6
KS,LYON,91
KS,MARION,46
KS,MARSHALL,233
KS,MCPHERSON,34
KS,MEADE,5
KS,MIAMI,113
KS,MITCHELL,2
KS,MONTGOMERY,111
KS,MORRIS,54
KS,NEMAHA,22
KS,NEOSHO,16
KS,NORTON,2
KS,OSAGE,73
KS,OSBORNE,1
KS,OTTAWA,12
KS,PAWNEE,1
KS,PHILLIPS,25
KS,POTTAWATOMIE,17
KS,PRATT,34
KS,RAWLINS,2
KS,RENO,67
KS,REPUBLIC,2
KS,RICE,7
KS,RILEY,30
KS,ROOKS,9
KS,RUSH,10
KS,RUSSELL,1
KS,SALINE,107
KS,SCOTT,3
KS,SEDGWICK,325
KS,SEWARD,12
KS,SHAWNEE,856
KS,SHERMAN,9
KS,SMITH,2
KS,STAFFORD,3
KS,STANTON,1
KS,STEVENS,3
KS,SUMNER,168
KS,THOMAS,3
KS,TREGO,2
KS,WABAUNSEE,21
KS,WALLACE,9
KS,WASHINGTON,22
KS,WICHITA,2
KS,WILSON,4
KS,WOODSON,7
KS,WYANDOTTE,415
KY,ADAIR,1
KY,ALLEN,5
KY,ANDERSON,5
KY,BALLARD,7
KY,BARREN,5
KY,BATH,3
KY,BELL,27
KY,BOONE,236
KY,BOURBON,8
KY,BOYD,232
KY,BOYLE,62
KY,BRACKEN,11
KY,BREATHITT,36
KY,BRECKINRIDGE,14
KY,BULLITT,125
KY,BUTLER,1
KY,CALDWELL,29
KY,CALLOWAY,4
KY,CAMPBELL,79
KY,CARLISLE,7
KY,CARROLL,19
KY,CARTER,54
KY,CASEY,18
KY,CHRISTIAN,15
KY,CLARK,6
KY,CLAY,7
KY,CRITTENDEN,1
KY,CUMBERLAND,1
KY,DAVIESS,31
KY,EDMONSON,5
KY,ELLIOTT,1
KY,ESTILL,42
KY,FAYETTE,58
KY,FLEMING,9
KY,FLOYD,84
KY,FRANKLIN,5
KY,FULTON,4
KY,GALLATIN,8
KY,GARRARD,8
KY,GRANT,91
KY,GRAVES,24
KY,GRAYSON,11
KY,GREEN,4
KY,GREENUP,483
KY,HANCOCK,3
KY,HARDIN,67
KY,HARLAN,44
KY,HARRISON,15
KY,HART,6
KY,HENDERSON,48
KY,HENRY,24
KY,HICKMAN,3
KY,HOPKINS,133
KY,JACKSON,4
KY,JEFFERSON,413
KY,JESSAMINE,13
KY,JOHNSON,50
KY,KENTON,244
KY,KNOTT,16
KY,KNOX,38
KY,LARUE,7
KY,LAUREL,113
KY,LAWRENCE,97
KY,LEE,8
KY,LESLIE,3
KY,LETCHER,22
KY,LEWIS,55
KY,LINCOLN,113
KY,LIVINGSTON,11
KY,LOGAN,16
KY,LYON,6
KY,MADISON,47
KY,MAGOFFIN,1
KY,MARION,7
KY,MARSHALL,22
KY,MARTIN,16
KY,MASON,8
KY,MCCRACKEN,84
KY,MCCREARY,7
KY,MCLEAN,5
KY,MEADE,28
KY,MENIFEE,1
KY,MERCER,55
KY,METCALFE,1
KY,MONROE,4
KY,MONTGOMERY,5
KY,MORGAN,1
KY,MUHLENBERG,22
KY,NELSON,59
KY,NICHOLAS,11
KY,OHIO,16
KY,OLDHAM,35
KY,OWEN,3
KY,OWSLEY,2
KY,PENDLETON,31
KY,PERRY,39
KY,PIKE,231
KY,POWELL,6
KY,PULASKI,104
KY,ROBERTSON,2
KY,ROCKCASTLE,32
KY,ROWAN,4
KY,RUSSELL,5
KY,SCOTT,15
KY,SHELBY,33
KY,SIMPSON,1
KY,SPENCER,22
KY,TAYLOR,2
KY,TODD,15
KY,TRIGG,3
KY,TRIMBLE,4
KY,UNION,7
KY,WARREN,12
KY,WASHINGTON,3
KY,WAYNE,2
KY,WEBSTER,10
KY,WHITLEY,322
KY,WOLFE,3
KY,WOODFORD,5
LA,ACADIA,13
LA,ALLEN,19
LA,ASCENSION,103
LA,ASSUMPTION,5
LA,AVOYELLES,37
LA,BEAUREGARD,43
LA,BIENVILLE,21
LA,BOSSIER,285
LA,CADDO,546
LA,CALCASIEU,280
LA,CALDWELL,7
LA,CAMERON,1
LA,CATAHOULA,1
LA,CLAIBORNE,31
LA,CONCORDIA,3
LA,DE SOTO,40
LA,EAST BATON ROUGE,285
LA,EAST CARROLL,1
LA,EAST FELICIANA,11
LA,EVANGELINE,11
LA,FRANKLIN,4
LA,GRANT,25
LA,IBERIA,25
LA,IBERVILLE,86
LA,JACKSON,20
LA,JEFFERSON,368
LA,JEFFERSON DAVIS,6
LA,LA SALLE,5
LA,LAFAYETTE,124
LA,LAFOURCHE,10
LA,LINCOLN,16
LA,LIVINGSTON,78
LA,MADISON,10
LA,MOREHOUSE,19
LA,NATCHITOCHES,22
LA,ORLEANS,240
LA,OUACHITA,128
LA,PLAQUEMINES,17
LA,POINTE COUPEE,67
LA,RAPIDES,158
LA,RED RIVER,6
LA,RICHLAND,2
LA,SABINE,8
LA,ST BERNARD,35
LA,ST CHARLES,46
LA,ST JAMES,11
LA,ST JOHN THE BAPTIST,38
LA,ST LANDRY,91
LA,ST MARTIN,31
LA,ST MARY,2
LA,ST TAMMANY,128
LA,TANGIPAHOA,105
LA,TENSAS,1
LA,TERREBONNE,14
LA,UNION,8
LA,VERMILION,5
LA,VERNON,42
LA,WASHINGTON,20
LA,WEBSTER,68
LA,WEST BATON ROUGE,73
LA,WEST CARROLL,3
LA,WEST FELICIANA,5
LA,WINN,2
MA,BARNSTABLE,44
MA,BERKSHIRE,50
MA,BRISTOL,232
MA,ESSEX,314
MA,FRANKLIN,113
MA,HAMPDEN,202
MA,HAMPSHIRE,68
MA,MIDDLESEX,673
MA,NORFOLK,386
MA,PLYMOUTH,429
MA,SUFFOLK,558
MA,WORCESTER,310
MD,ALLEGANY,509
MD,ANNE ARUNDEL,406
MD,BALTIMORE,415
MD,CALVERT,103
MD,CAROLINE,8
MD,CARROLL,118
MD,CECIL,393
MD,CHARLES,112
MD,DORCHESTER,8
MD,FREDERICK,157
MD,GARRETT,53
MD,HARFORD,248
MD,HOWARD,79
MD,INDEPENDENT CITY,722
MD,KENT,3
MD,MONTGOMERY,302
MD,PRINCE GEORGES,809
MD,QUEEN ANNES,22
MD,SOMERSET,1
MD,ST MARYS,94
MD,TALBOT,2
MD,WASHINGTON,127
MD,WICOMICO,12
MD,WORCESTER,6
ME,ANDROSCOGGIN,22
ME,AROOSTOOK,57
ME,CUMBERLAND,71
ME,FRANKLIN,2
ME,HANCOCK,3
ME,KENNEBEC,109
ME,KNOX,5
ME,LINCOLN,7
ME,OXFORD,36
ME,PENOBSCOT,117
ME,PISCATAQUIS,75
ME,SAGADAHOC,8
ME,SOMERSET,67
ME,WALDO,11
ME,WASHINGTON,17
ME,YORK,47
MI,ALCONA,1
MI,ALGER,8
MI,ALLEGAN,27
MI,ALPENA,3
MI,ARENAC,19
MI,BARAGA,4
MI,BARRY,16
MI,BAY,58
MI,BENZIE,2
MI,BERRIEN,136
MI,BRANCH,13
MI,CALHOUN,164
MI,CASS,89
MI,CHEBOYGAN,2
MI,CHIPPEWA,8
MI,CLARE,5
MI,CLINTON,10
MI,CRAWFORD,1
MI,DELTA,188
MI,DICKINSON,7
MI,EATON,42
MI,EMMET,1
MI,GENESEE,195
MI,GLADWIN,4
MI,GOGEBIC,3
MI,GRAND TRAVERSE,4
MI,GRATIOT,5
MI,HILLSDALE,17
MI,HOUGHTON,6
MI,HURON,9
MI,INGHAM,46
MI,IONIA,32
MI,IOSCO,13
MI,IRON,3
MI,ISABELLA,5
MI,JACKSON,77
MI,KALAMAZOO,58
MI,KALKASKA,3
MI,KENT,149
MI,LAKE,1
MI,LAPEER,36
MI,LEELANAU,3
MI,LENAWEE,70
MI,LIVINGSTON,33
MI,LUCE,2
MI,MACKINAC,2
MI,MACOMB,170
MI,MANISTEE,12
MI,MARQUETTE,137
MI,MASON,17
MI,MECOSTA,5
MI,MENOMINEE,14
MI,MIDLAND,5
MI,MONROE,266
MI,MONTCALM,17
MI,MUSKEGON,24
MI,NEWAYGO,15
MI,OAKLAND,265
MI,OCEANA,1
MI,OGEMAW,6
MI,ONTONAGON,11
MI,OSCEOLA,2
MI,OSCODA,1
MI,OTSEGO,1
MI,OTTAWA,40
MI,PRESQUE ISLE,1
MI,ROSCOMMON,2
MI,SAGINAW,80
MI,SANILAC,14
MI,SCHOOLCRAFT,13
MI,SHIAWASSEE,100
MI,ST CLAIR,109
MI,ST JOSEPH,42
MI,TUSCOLA,38
MI,VAN BUREN,27
MI,WASHTENAW,63
MI,WAYNE,849
MI,WEXFORD,5
MN,AITKIN,19
MN,ANOKA,346
MN,BECKER,62
MN,BELTRAMI,10
MN,BENTON,20
MN,BIG STONE,10
MN,BLUE EARTH,59
MN,BROWN,25
MN,CARLTON,181
MN,CARVER,41
MN,CASS,20
MN,CHIPPEWA,6
MN,CHISAGO,91
MN,CLAY,175
MN,CLEARWATER,9
MN,COTTONWOOD,4
MN,CROW WING,143
MN,DAKOTA,348
MN,DODGE,1
MN,DOUGLAS,44
MN,FARIBAULT,8
MN,FILLMORE,4
MN,FREEBORN,24
MN,GOODHUE,35
MN,GRANT,3
MN,HENNEPIN,651
MN,HOUSTON,42
MN,HUBBARD,14
MN,ISANTI,57
MN,ITASCA,37
MN,JACKSON,7
MN,KANABEC,10
MN,KANDIYOHI,157
MN,KITTSON,4
MN,KOOCHICHING,43
MN,LAC QUI PARLE,2
MN,LAKE,68
MN,LAKE OF THE WOODS,6
MN,LE SUEUR,27
MN,LINCOLN,4
MN,LYON,10
MN,MAHNOMEN,7
MN,MARSHALL,13
MN,MARTIN,3
MN,MCLEOD,46
MN,MEEKER,32
MN,MILLE LACS,34
MN,MORRISON,43
MN,MOWER,20
MN,MURRAY,3
MN,NICOLLET,6
MN,NOBLES,6
MN,NORMAN,9
MN,OLMSTED,18
MN,OTTER TAIL,54
MN,PENNINGTON,62
MN,PINE,35
MN,PIPESTONE,5
MN,POLK,106
MN,POPE,43
MN,RAMSEY,579
MN,RED LAKE,10
MN,REDWOOD,9
MN,RENVILLE,13
MN,RICE,37
MN,ROCK,9
MN,ROSEAU,4
MN,SCOTT,72
MN,SHERBURNE,148
MN,SIBLEY,11
MN,ST LOUIS,595
MN,STEARNS,100
MN,STEELE,16
MN,STEVENS,9
MN,SWIFT,16
MN,TODD,28
MN,TRAVERSE,2
MN,WABASHA,13
MN,WADENA,9
MN,WASECA,49
MN,WASHINGTON,207
MN,WATONWAN,32
MN,WILKIN,34
MN,WINONA,26
MN,WRIGHT,62
MN,YELLOW MEDICINE,5
MO,ADAIR,21
MO,ANDREW,17
MO,ATCHISON,5
MO,AUDRAIN,25
MO,BARRY,17
MO,BARTON,26
MO,BATES,12
MO,BENTON,29
MO,BOLLINGER,12
MO,BOONE,52
MO,BUCHANAN,150
MO,BUTLER,84
MO,CALDWELL,38
MO,CALLAWAY,15
MO,CAMDEN,11
MO,CAPE GIRARDEAU,86
MO,CARROLL,23
MO,CARTER,20
MO,CASS,235
MO,CEDAR,10
MO,CHARITON,50
MO,CHRISTIAN,112
MO,CLARK,29
MO,CLAY,681
MO,CLINTON,97
MO,COLE,46
MO,COOPER,60
MO,CRAWFORD,17
MO,DADE,19
MO,DALLAS,8
MO,DAVIESS,21
MO,DEKALB,36
MO,DENT,2
MO,DOUGLAS,1
MO,DUNKLIN,24
MO,FRANKLIN,54
MO,GASCONADE,14
MO,GENTRY,5
MO,GREENE,362
MO,GRUNDY,23
MO,HARRISON,19
MO,HENRY,20
MO,HICKORY,3
MO,HOLT,16
MO,HOWARD,7
MO,HOWELL,87
MO,INDEPENDENT CITY,226
MO,IRON,13
MO,JACKSON,2055
MO,JASPER,127
MO,JEFFERSON,436
MO,JOHNSON,42
MO,KNOX,16
MO,LACLEDE,18
MO,LAFAYETTE,74
MO,LAWRENCE,64
MO,LEWIS,20
MO,LINCOLN,18
MO,LINN,140
MO,LIVINGSTON,44
MO,MACON,47
MO,MADISON,30
MO,MARIES,1
MO,MARION,93
MO,MCDONALD,5
MO,MERCER,9
MO,MILLER,15
MO,MISSISSIPPI,1
MO,MONITEAU,24
MO,MONROE,24
MO,MONTGOMERY,9
MO,MORGAN,24
MO,NEW MADRID,10
MO,NEWTON,38
MO,NODAWAY,7
MO,OREGON,132
MO,OSAGE,12
MO,OZARK,5
MO,PEMISCOT,3
MO,PERRY,29
MO,PETTIS,95
MO,PHELPS,18
MO,PIKE,33
MO,PLATTE,98
MO,POLK,38
MO,PULASKI,5
MO,PUTNAM,1
MO,RALLS,23
MO,RANDOLPH,138
MO,RAY,126
MO,REYNOLDS,5
MO,RIPLEY,48
MO,SAINTE GENEVIEVE,27
MO,SALINE,27
MO,SCHUYLER,8
MO,SCOTLAND,1
MO,SCOTT,126
MO,SHANNON,10
MO,SHELBY,12
MO,ST CHARLES,166
MO,ST CLAIR,8
MO,ST FRANCOIS,202
MO,ST LOUIS,316
MO,STODDARD,47
MO,STONE,20
MO,SULLIVAN,6
MO,TANEY,19
MO,TEXAS,34
MO,VERNON,25
MO,WARREN,8
MO,WASHINGTON,50
MO,WAYNE,38
MO,WEBSTER,86
MO,WORTH,3
MO,WRIGHT,40
MS,ADAMS,3
MS,ALCORN,45
MS,AMITE,16
MS,ATTALA,33
MS,BENTON,12
MS,CARROLL,14
MS,CHICKASAW,11
MS,CHOCTAW,6
MS,CLAIBORNE,3
MS,CLARKE,15
MS,CLAY,10
MS,COAHOMA,1
MS,COPIAH,16
MS,COVINGTON,8
MS,DESOTO,341
MS,FORREST,64
MS,FRANKLIN,12
MS,GEORGE,21
MS,GREENE,2
MS,GRENADA,15
MS,HANCOCK,57
MS,HARRISON,46
MS,HINDS,130
MS,HOLMES,23
MS,HUMPHREYS,3
MS,ISSAQUENA,1
MS,ITAWAMBA,7
MS,JACKSON,42
MS,JASPER,10
MS,JEFFERSON,4
MS,JONES,10
MS,KEMPER,6
MS,LAFAYETTE,5
MS,LAMAR,27
MS,LAUDERDALE,169
MS,LAWRENCE,15
MS,LEAKE,6
MS,LEE,23
MS,LEFLORE,1
MS,LINCOLN,46
MS,LOWNDES,79
MS,MADISON,45
MS,MARION,24
MS,MARSHALL,50
MS,MONROE,65
MS,MONTGOMERY,15
MS,NESHOBA,3
MS,NEWTON,47
MS,NOXUBEE,8
MS,OKTIBBEHA,10
MS,PANOLA,13
MS,PEARL RIVER,67
MS,PERRY,11
MS,PIKE,56
MS,PONTOTOC,3
MS,PRENTISS,1
MS,QUITMAN,5
MS,RANKIN,104
MS,SCOTT,12
MS,SHARKEY,1
MS,SIMPSON,15
MS,STONE,8
MS,SUNFLOWER,2
MS,TALLAHATCHIE,3
MS,TATE,36
MS,TIPPAH,8
MS,TISHOMINGO,10
MS,TUNICA,3
MS,UNION,8
MS,WALTHALL,5
MS,WARREN,49
MS,WASHINGTON,4
MS,WAYNE,18
MS,WEBSTER,6
MS,WILKINSON,5
MS,WINSTON,16
MS,YALOBUSHA,10
MS,YAZOO,7
MT,BEAVERHEAD,8
MT,BIG HORN,5
MT,BLAINE,32
MT,BROADWATER,4
MT,CARBON,40
MT,CASCADE,199
MT,CHOUTEAU,9
MT,CUSTER,61
MT,DANIELS,2
MT,DAWSON,301
MT,DEER LODGE,18
MT,FALLON,4
MT,FERGUS,11
MT,FLATHEAD,367
MT,GALLATIN,30
MT,GLACIER,29
MT,GOLDEN VALLEY,2
MT,GRANITE,8
MT,HILL,513
MT,JEFFERSON,8
MT,JUDITH BASIN,2
MT,LAKE,46
MT,LEWIS AND CLARK,83
MT,LIBERTY,9
MT,LINCOLN,31
MT,MADISON,1
MT,MCCONE,1
MT,MEAGHER,1
MT,MINERAL,14
MT,MISSOULA,362
MT,MUSSELSHELL,3
MT,PARK,64
MT,PHILLIPS,9
MT,PONDERA,25
MT,POWDER RIVER,3
MT,POWELL,9
MT,PRAIRIE,11
MT,RAVALLI,49
MT,RICHLAND,26
MT,ROOSEVELT,9
MT,ROSEBUD,84
MT,SANDERS,37
MT,SHERIDAN,7
MT,SILVER BOW,20
MT,STILLWATER,52
MT,SWEET GRASS,7
MT,TETON,5
MT,TOOLE,28
MT,TREASURE,2
MT,VALLEY,143
MT,WHEATLAND,1
MT,WIBAUX,7
MT,YELLOWSTONE,525
NC,ALAMANCE,14
NC,ALEXANDER,10
NC,ALLEGHANY,1
NC,ANSON,12
NC,ASHE,3
NC,AVERY,4
NC,BEAUFORT,4
NC,BLADEN,7
NC,BRUNSWICK,22
NC,BUNCOMBE,94
NC,BURKE,15
NC,CABARRUS,84
NC,CALDWELL,5
NC,CAMDEN,10
NC,CARTERET,5
NC,CASWELL,7
NC,CATAWBA,22
NC,CHATHAM,3
NC,CHEROKEE,8
NC,CHOWAN,2
NC,CLAY,1
NC,CLEVELAND,12
NC,COLUMBUS,17
NC,CRAVEN,14
NC,CUMBERLAND,39
NC,CURRITUCK,29
NC,DARE,3
NC,DAVIDSON,90
NC,DAVIE,28
NC,DUPLIN,4
NC,DURHAM,24
NC,EDGECOMBE,7
NC,FORSYTH,77
NC,FRANKLIN,5
NC,GASTON,55
NC,GATES,6
NC,GRAHAM,2
NC,GRANVILLE,8
NC,GUILFORD,78
NC,HALIFAX,36
NC,HARNETT,15
NC,HAYWOOD,21
NC,HENDERSON,32
NC,HERTFORD,3
NC,HOKE,4
NC,IREDELL,48
NC,JACKSON,8
NC,JOHNSTON,56
NC,LEE,8
NC,LENOIR,5
NC,LINCOLN,19
NC,MADISON,66
NC,MARTIN,4
NC,MCDOWELL,26
NC,MECKLENBURG,224
NC,MITCHELL,13
NC,MONTGOMERY,22
NC,MOORE,41
NC,NASH,205
NC,NEW HANOVER,45
NC,NORTHAMPTON,15
NC,ONSLOW,4
NC,ORANGE,15
NC,PAMLICO,1
NC,PASQUOTANK,16
NC,PENDER,18
NC,PERQUIMANS,2
NC,PERSON,2
NC,PITT,19
NC,POLK,5
NC,RANDOLPH,18
NC,RICHMOND,291
NC,ROBESON,122
NC,ROCKINGHAM,12
NC,ROWAN,228
NC,RUTHERFORD,30
NC,SAMPSON,5
NC,SCOTLAND,30
NC,STANLY,49
NC,STOKES,9
NC,SURRY,30
NC,SWAIN,3
NC,TRANSYLVANIA,4
NC,UNION,50
NC,VANCE,4
NC,WAKE,322
NC,WARREN,6
NC,WASHINGTON,6
NC,WATAUGA,1
NC,WAYNE,15
NC,WILKES,1
NC,WILSON,49
NC,YADKIN,6
NC,YANCEY,23
ND,ADAMS,2
ND,BARNES,25
ND,BENSON,2
ND,BOTTINEAU,6
ND,BOWMAN,1
ND,BURKE,7
ND,BURLEIGH,317
ND,CASS,373
ND,CAVALIER,2
ND,DICKEY,11
ND,DIVIDE,12
ND,DUNN,1
ND,EDDY,7
ND,EMMONS,2
ND,FOSTER,14
ND,GOLDEN VALLEY,4
ND,GRAND FORKS,173
ND,GRANT,5
ND,GRIGGS,2
ND,HETTINGER,1
ND,KIDDER,9
ND,LAMOURE,5
ND,LOGAN,2
ND,MCHENRY,78
ND,MCINTOSH,10
ND,MCKENZIE,1
ND,MCLEAN,34
ND,MORTON,191
ND,MOUNTRAIL,14
ND,NELSON,6
ND,OLIVER,2
ND,PEMBINA,4
ND,PIERCE,9
ND,RAMSEY,14
ND,RANSOM,70
ND,RENVILLE,8
ND,RICHLAND,58
ND,ROLETTE,6
ND,SARGENT,3
ND,SHERIDAN,8
ND,SIOUX,1
ND,SLOPE,2
ND,STARK,34
ND,STUTSMAN,48
ND,TRAILL,11
ND,WALSH,76
ND,WARD,407
ND,WELLS,101
ND,WILLIAMS,25
NE,ADAMS,77
NE,ANTELOPE,2
NE,ARTHUR,2
NE,BANNER,8
NE,BLAINE,2
NE,BOONE,2
NE,BOX BUTTE,1168
NE,BROWN,1
NE,BUFFALO,107
NE,BURT,9
NE,BUTLER,40
NE,CASS,192
NE,CEDAR,8
NE,CHASE,2
NE,CHERRY,1
NE,CHEYENNE,68
NE,CLAY,13
NE,COLFAX,4
NE,CUMING,4
NE,CUSTER,82
NE,DAKOTA,35
NE,DAWES,120
NE,DAWSON,142
NE,DEUEL,13
NE,DIXON,5
NE,DODGE,78
NE,DOUGLAS,3797
NE,DUNDY,5
NE,FILLMORE,13
NE,FRANKLIN,3
NE,FRONTIER,30
NE,FURNAS,18
NE,GAGE,152
NE,GARDEN,21
NE,GOSPER,9
NE,GRANT,8
NE,GREELEY,3
NE,HALL,135
NE,HAMILTON,14
NE,HARLAN,4
NE,HAYES,3
NE,HITCHCOCK,15
NE,HOLT,3
NE,HOOKER,17
NE,HOWARD,21
NE,JEFFERSON,42
NE,JOHNSON,30
NE,KEARNEY,6
NE,KEITH,98
NE,KIMBALL,24
NE,KNOX,9
NE,LANCASTER,1619
NE,LINCOLN,2289
NE,LOGAN,35
NE,LOUP,1
NE,MADISON,45
NE,MCPHERSON,19
NE,MERRICK,14
NE,MORRILL,112
NE,NANCE,1
NE,NEMAHA,12
NE,NUCKOLLS,8
NE,OTOE,71
NE,PAWNEE,7
NE,PERKINS,20
NE,PHELPS,7
NE,PIERCE,7
NE,PLATTE,92
NE,POLK,8
NE,RED WILLOW,124
NE,RICHARDSON,66
NE,ROCK,1
NE,SALINE,41
NE,SARPY,840
NE,SAUNDERS,123
NE,SCOTTS BLUFF,614
NE,SEWARD,114
NE,SHERIDAN,49
NE,SHERMAN,18
NE,SIOUX,1
NE,STANTON,11
NE,THAYER,22
NE,THOMAS,5
NE,THURSTON,1
NE,VALLEY,13
NE,WASHINGTON,75
NE,WAYNE,3
NE,WEBSTER,5
NE,YORK,18
NH,BELKNAP,2
NH,CARROLL,12
NH,CHESHIRE,28
NH,COOS,19
NH,GRAFTON,7
NH,HILLSBOROUGH,136
NH,MERRIMACK,9
NH,ROCKINGHAM,146
NH,STRAFFORD,27
NH,SULLIVAN,7
NJ,ATLANTIC,58
NJ,BERGEN,513
NJ,BURLINGTON,464
NJ,CAMDEN,427
NJ,CAPE MAY,19
NJ,CUMBERLAND,39
NJ,ESSEX,1097
NJ,GLOUCESTER,270
NJ,HUDSON,871
NJ,HUNTERDON,68
NJ,MERCER,361
NJ,MIDDLESEX,955
NJ,MONMOUTH,862
NJ,MORRIS,296
NJ,OCEAN,589
NJ,PASSAIC,231
NJ,SALEM,30
NJ,SOMERSET,148
NJ,SUSSEX,178
NJ,UNION,738
NJ,WARREN,115
NM,BERNALILLO,227
NM,CATRON,4
NM,CHAVES,14
NM,CIBOLA,27
NM,COLFAX,25
NM,CURRY,431
NM,DE BACA,7
NM,DONA ANA,91
NM,EDDY,43
NM,GRANT,13
NM,GUADALUPE,8
NM,HIDALGO,11
NM,LEA,4
NM,LINCOLN,7
NM,LUNA,41
NM,MCKINLEY,240
NM,OTERO,45
NM,QUAY,42
NM,RIO ARRIBA,2
NM,ROOSEVELT,58
NM,SAN JUAN,56
NM,SAN MIGUEL,6
NM,SANDOVAL,80
NM,SANTA FE,26
NM,SIERRA,3
NM,SOCORRO,12
NM,TORRANCE,29
NM,UNION,5
NM,VALENCIA,401
NV,CHURCHILL,5
NV,CLARK,269
NV,ELKO,77
NV,HUMBOLDT,47
NV,INDEPENDENT CITY,8
NV,LANDER,5
NV,LINCOLN,26
NV,LYON,42
NV,NYE,12
NV,PERSHING,5
NV,STOREY,1
NV,WASHOE,249
NY,ALBANY,629
NY,ALLEGANY,55
NY,BRONX,648
NY,BROOME,141
NY,CATTARAUGUS,72
NY,CAYUGA,36
NY,CHAUTAUQUA,57
NY,CHEMUNG,21
NY,CHENANGO,39
NY,CLINTON,24
NY,COLUMBIA,126
NY,CORTLAND,11
NY,DELAWARE,25
NY,DUTCHESS,1157
NY,ERIE,784
NY,ESSEX,27
NY,FRANKLIN,11
NY,FULTON,20
NY,GENESEE,46
NY,GREENE,196
NY,HERKIMER,48
NY,JEFFERSON,19
NY,KINGS,970
NY,LEWIS,5
NY,LIVINGSTON,71
NY,MADISON,43
NY,MONROE,131
NY,MONTGOMERY,36
NY,NASSAU,2076
NY,NEW YORK,373
NY,NIAGARA,119
NY,ONEIDA,72
NY,ONONDAGA,184
NY,ONTARIO,33
NY,ORANGE,342
NY,ORLEANS,11
NY,OSWEGO,91
NY,OTSEGO,89
NY,PUTNAM,317
NY,QUEENS,1470
NY,RENSSELAER,358
NY,RICHMOND,177
NY,ROCKLAND,89
NY,SARATOGA,233
NY,SCHENECTADY,149
NY,SCHOHARIE,43
NY,SCHUYLER,7
NY,SENECA,13
NY,ST LAWRENCE,79
NY,STEUBEN,99
NY,SUFFOLK,3685
NY,SULLIVAN,14
NY,TIOGA,32
NY,TOMPKINS,8
NY,ULSTER,211
NY,WARREN,26
NY,WASHINGTON,60
NY,WAYNE,46
NY,WESTCHESTER,1040
NY,WYOMING,50
NY,YATES,6
OH,ADAMS,24
OH,ALLEN,92
OH,ASHLAND,56
OH,ASHTABULA,270
OH,ATHENS,21
OH,AUGLAIZE,23
OH,BELMONT,22
OH,BROWN,14
OH,BUTLER,220
OH,CARROLL,25
OH,CHAMPAIGN,28
OH,CLARK,23
OH,CLERMONT,68
OH,CLINTON,25
OH,COLUMBIANA,211
OH,COSHOCTON,87
OH,CRAWFORD,112
OH,CUYAHOGA,552
OH,DARKE,16
OH,DEFIANCE,33
OH,DELAWARE,58
OH,ERIE,213
OH,FAIRFIELD,53
OH,FAYETTE,18
OH,FRANKLIN,359
OH,FULTON,60
OH,GALLIA,19
OH,GEAUGA,29
OH,GREENE,19
OH,GUERNSEY,16
OH,HAMILTON,278
OH,HANCOCK,71
OH,HARDIN,22
OH,HARRISON,26
OH,HENRY,38
OH,HIGHLAND,15
OH,HOCKING,9
OH,HOLMES,4
OH,HURON,674
OH,JACKSON,14
OH,JEFFERSON,108
OH,KNOX,17
OH,LAKE,114
OH,LAWRENCE,305
OH,LICKING,49
OH,LOGAN,54
OH,LORAIN,280
OH,LUCAS,842
OH,MADISON,20
OH,MAHONING,176
OH,MARION,60
OH,MEDINA,117
OH,MEIGS,20
OH,MERCER,8
OH,MIAMI,24
OH,MONROE,4
OH,MONTGOMERY,83
OH,MORGAN,3
OH,MORROW,21
OH,MUSKINGUM,29
OH,NOBLE,3
OH,OTTAWA,151
OH,PAULDING,18
OH,PERRY,12
OH,PICKAWAY,40
OH,PIKE,39
OH,PORTAGE,51
OH,PREBLE,12
OH,PUTNAM,58
OH,RICHLAND,251
OH,ROSS,40
OH,SANDUSKY,129
OH,SCIOTO,451
OH,SENECA,175
OH,SHELBY,21
OH,STARK,335
OH,SUMMIT,140
OH,TRUMBULL,121
OH,TUSCARAWAS,133
OH,UNION,54
OH,VAN WERT,16
OH,VINTON,6
OH,WARREN,69
OH,WASHINGTON,22
OH,WAYNE,65
OH,WILLIAMS,42
OH,WOOD,316
OH,WYANDOT,35
OK,ADAIR,2
OK,ALFALFA,5
OK,ATOKA,4
OK,BEAVER,1
OK,BECKHAM,11
OK,BLAINE,7
OK,BRYAN,49
OK,CADDO,24
OK,CANADIAN,59
OK,CARTER,8
OK,CHEROKEE,6
OK,CHOCTAW,32
OK,CLEVELAND,41
OK,COAL,5
OK,COMANCHE,15
OK,COTTON,3
OK,CRAIG,17
OK,CREEK,75
OK,CUSTER,38
OK,DELAWARE,14
OK,DEWEY,2
OK,ELLIS,7
OK,GARFIELD,161
OK,GARVIN,11
OK,GRADY,55
OK,GRANT,12
OK,GREER,5
OK,HARPER,1
OK,HASKELL,8
OK,HUGHES,9
OK,JACKSON,3
OK,JEFFERSON,5
OK,JOHNSTON,8
OK,KAY,66
OK,KINGFISHER,7
OK,KIOWA,2
OK,LATIMER,43
OK,LE FLORE,176
OK,LINCOLN,18
OK,LOGAN,19
OK,LOVE,11
OK,MAJOR,5
OK,MARSHALL,29
OK,MAYES,19
OK,MCCLAIN,27
OK,MCCURTAIN,18
OK,MCINTOSH,18
OK,MURRAY,7
OK,MUSKOGEE,127
OK,NOBLE,10
OK,NOWATA,34
OK,OKFUSKEE,7
OK,OKLAHOMA,193
OK,OKMULGEE,34
OK,OSAGE,1
OK,OTTAWA,14
OK,PAWNEE,11
OK,PAYNE,9
OK,PITTSBURG,23
OK,PONTOTOC,37
OK,POTTAWATOMIE,21
OK,PUSHMATAHA,11
OK,ROGERS,72
OK,SEMINOLE,6
OK,SEQUOYAH,48
OK,STEPHENS,9
OK,TEXAS,7
OK,TULSA,377
OK,WAGONER,19
OK,WASHINGTON,31
OK,WASHITA,6
OK,WOODS,20
OK,WOODWARD,23
OR,BAKER,37
OR,BENTON,15
OR,CLACKAMAS,127
OR,CLATSOP,4
OR,COLUMBIA,48
OR,COOS,10
OR,CROOK,8
OR,DESCHUTES,53
OR,DOUGLAS,39
OR,GILLIAM,2
OR,GRANT,2
OR,HOOD RIVER,14
OR,JACKSON,30
OR,JEFFERSON,10
OR,JOSEPHINE,8
OR,KLAMATH,228
OR,LAKE,4
OR,LANE,229
OR,LINCOLN,4
OR,LINN,103
OR,MALHEUR,10
OR,MARION,85
OR,MORROW,39
OR,MULTNOMAH,349
OR,POLK,11
OR,SHERMAN,2
OR,TILLAMOOK,7
OR,UMATILLA,467
OR,UNION,196
OR,WALLOWA,6
OR,WASCO,50
OR,WASHINGTON,87
OR,YAMHILL,38
PA,ADAMS,39
PA,ALLEGHENY,760
PA,ARMSTRONG,39
PA,BEAVER,566
PA,BEDFORD,138
PA,BERKS,195
PA,BLAIR,910
PA,BRADFORD,38
PA,BUCKS,1106
PA,BUTLER,136
PA,CAMBRIA,420
PA,CAMERON,4
PA,CARBON,121
PA,CENTRE,32
PA,CHESTER,308
PA,CLARION,22
PA,CLEARFIELD,120
PA,CLINTON,39
PA,COLUMBIA,3
PA,CRAWFORD,67
PA,CUMBERLAND,299
PA,DAUPHIN,357
PA,DELAWARE,815
PA,ELK,7
PA,ERIE,140
PA,FAYETTE,291
PA,FRANKLIN,64
PA,FULTON,3
PA,GREENE,29
PA,HUNTINGDON,47
PA,INDIANA,36
PA,JEFFERSON,67
PA,JUNIATA,67
PA,LACKAWANNA,109
PA,LANCASTER,350
PA,LAWRENCE,173
PA,LEBANON,70
PA,LEHIGH,145
PA,LUZERNE,85
PA,LYCOMING,58
PA,MCKEAN,8
PA,MERCER,84
PA,MIFFLIN,53
PA,MONROE,207
PA,MONTGOMERY,532
PA,MONTOUR,3
PA,NORTHAMPTON,229
PA,NORTHUMBERLAND,102
PA,PERRY,169
PA,PHILADELPHIA,1649
PA,PIKE,88
PA,POTTER,5
PA,SCHUYLKILL,131
PA,SNYDER,26
PA,SOMERSET,149
PA,SUSQUEHANNA,84
PA,TIOGA,15
PA,UNION,19
PA,VENANGO,16
PA,WARREN,10
PA,WASHINGTON,195
PA,WAYNE,51
PA,WESTMORELAND,392
PA,WYOMING,17
PA,YORK,260
RI,BRISTOL,8
RI,KENT,102
RI,NEWPORT,11
RI,PROVIDENCE,318
RI,WASHINGTON,48
SC,ABBEVILLE,124
SC,AIKEN,193
SC,ALLENDALE,1
SC,ANDERSON,34
SC,BAMBERG,6
SC,BARNWELL,9
SC,BEAUFORT,17
SC,BERKELEY,94
SC,CALHOUN,2
SC,CHARLESTON,148
SC,CHEROKEE,9
SC,CHESTER,15
SC,CHESTERFIELD,24
SC,CLARENDON,18
SC,COLLETON,29
SC,DARLINGTON,53
SC,DILLON,74
SC,DORCHESTER,139
SC,EDGEFIELD,17
SC,FAIRFIELD,22
SC,FLORENCE,220
SC,GEORGETOWN,29
SC,GREENVILLE,139
SC,GREENWOOD,94
SC,HAMPTON,25
SC,HORRY,42
SC,JASPER,7
SC,KERSHAW,26
SC,LANCASTER,19
SC,LAURENS,20
SC,LEE,4
SC,LEXINGTON,118
SC,MARION,22
SC,MARLBORO,19
SC,MCCORMICK,20
SC,NEWBERRY,28
SC,OCONEE,5
SC,ORANGEBURG,25
SC,PICKENS,48
SC,RICHLAND,87
SC,SALUDA,5
SC,SPARTANBURG,124
SC,SUMTER,29
SC,UNION,19
SC,WILLIAMSBURG,22
SC,YORK,72
SD,AURORA,1
SD,BEADLE,82
SD,BENNETT,2
SD,BON HOMME,1
SD,BROOKINGS,34
SD,BROWN,127
SD,BRULE,5
SD,BUTTE,4
SD,CAMPBELL,1
SD,CHARLES MIX,1
SD,CLAY,5
SD,CODINGTON,13
SD,CUSTER,60
SD,DAVISON,6
SD,DAY,4
SD,DEUEL,3
SD,DEWEY,2
SD,DOUGLAS,1
SD,EDMUNDS,9
SD,FALL RIVER,167
SD,GRANT,5
SD,GREGORY,3
SD,HAAKON,6
SD,HAMLIN,3
SD,HAND,9
SD,HANSON,1
SD,HUGHES,17
SD,HYDE,1
SD,JERAULD,1
SD,KINGSBURY,13
SD,LAKE,3
SD,LAWRENCE,19
SD,LINCOLN,10
SD,MARSHALL,1
SD,MCCOOK,2
SD,MEADE,69
SD,MINER,1
SD,MINNEHAHA,106
SD,MOODY,2
SD,PENNINGTON,49
SD,PERKINS,1
SD,POTTER,1
SD,ROBERTS,10
SD,SANBORN,8
SD,SHANNON,2
SD,SPINK,5
SD,STANLEY,4
SD,SULLY,1
SD,TURNER,5
SD,UNION,52
SD,WALWORTH,6
SD,YANKTON,5
TN,ANDERSON,45
TN,BEDFORD,12
TN,BENTON,24
TN,BLEDSOE,10
TN,BLOUNT,128
TN,BRADLEY,72
TN,CAMPBELL,57
TN,CANNON,8
TN,CARROLL,57
TN,CARTER,21
TN,CHEATHAM,16
TN,CHESTER,3
TN,CLAIBORNE,32
TN,COCKE,37
TN,COFFEE,12
TN,CROCKETT,16
TN,CUMBERLAND,14
TN,DAVIDSON,162
TN,DECATUR,1
TN,DEKALB,6
TN,DICKSON,64
TN,DYER,18
TN,FAYETTE,30
TN,FENTRESS,5
TN,FRANKLIN,36
TN,GIBSON,25
TN,GILES,10
TN,GRAINGER,53
TN,GREENE,43
TN,GRUNDY,59
TN,HAMBLEN,62
TN,HAMILTON,429
TN,HANCOCK,2
TN,HARDEMAN,14
TN,HARDIN,10
TN,HAWKINS,57
TN,HAYWOOD,4
TN,HENDERSON,14
TN,HENRY,22
TN,HICKMAN,16
TN,HUMPHREYS,24
TN,JACKSON,2
TN,JEFFERSON,60
TN,JOHNSON,1
TN,KNOX,458
TN,LAKE,2
TN,LAUDERDALE,44
TN,LAWRENCE,42
TN,LEWIS,6
TN,LINCOLN,4
TN,LOUDON,26
TN,MADISON,22
TN,MARION,115
TN,MARSHALL,40
TN,MAURY,111
TN,MCMINN,114
TN,MCNAIRY,17
TN,MEIGS,10
TN,MONROE,46
TN,MONTGOMERY,27
TN,MORGAN,60
TN,OBION,37
TN,OVERTON,1
TN,PERRY,2
TN,PICKETT,2
TN,POLK,41
TN,PUTNAM,3
TN,RHEA,70
TN,ROANE,44
TN,ROBERTSON,78
TN,RUTHERFORD,171
TN,SCOTT,45
TN,SEQUATCHIE,11
TN,SEVIER,51
TN,SHELBY,621
TN,SMITH,7
TN,STEWART,2
TN,SULLIVAN,72
TN,SUMNER,88
TN,TIPTON,45
TN,TROUSDALE,2
TN,UNICOI,230
TN,UNION,23
TN,VAN BUREN,3
TN,WARREN,6
TN,WASHINGTON,164
TN,WAYNE,3
TN,WEAKLEY,39
TN,WHITE,3
TN,WILLIAMSON,77
TN,WILSON,74
TX,ANDERSON,241
TX,ANDREWS,3
TX,ANGELINA,53
TX,ARANSAS,6
TX,ARCHER,8
TX,ARMSTRONG,12
TX,ATASCOSA,64
TX,AUSTIN,35
TX,BAILEY,5
TX,BANDERA,15
TX,BASTROP,102
TX,BAYLOR,1
TX,BEE,9
TX,BELL,413
TX,BEXAR,950
TX,BLANCO,3
TX,BOSQUE,17
TX,BOWIE,64
TX,BRAZORIA,259
TX,BRAZOS,55
TX,BREWSTER,14
TX,BRISCOE,3
TX,BROWN,39
TX,BURLESON,21
TX,BURNET,6
TX,CALDWELL,25
TX,CALHOUN,7
TX,CALLAHAN,12
TX,CAMERON,119
TX,CAMP,14
TX,CARSON,21
TX,CASS,54
TX,CHAMBERS,9
TX,CHEROKEE,57
TX,CLAY,17
TX,COLEMAN,11
TX,COLLIN,159
TX,COLLINGSWORTH,4
TX,COLORADO,16
TX,COMAL,132
TX,COMANCHE,15
TX,CONCHO,1
TX,COOKE,56
TX,CORYELL,87
TX,CROCKETT,1
TX,CROSBY,2
TX,CULBERSON,13
TX,DALLAM,130
TX,DALLAS,406
TX,DEAF SMITH,7
TX,DELTA,2
TX,DENTON,394
TX,DEWITT,6
TX,DICKENS,2
TX,DIMMIT,1
TX,DONLEY,1
TX,DUVAL,1
TX,EASTLAND,16
TX,ECTOR,20
TX,EDWARDS,1
TX,EL PASO,863
TX,ELLIS,125
TX,ERATH,20
TX,FALLS,20
TX,FANNIN,19
TX,FAYETTE,26
TX,FISHER,2
TX,FLOYD,2
TX,FOARD,1
TX,FORT BEND,258
TX,FREESTONE,87
TX,FRIO,20
TX,GALVESTON,283
TX,GARZA,2
TX,GILLESPIE,2
TX,GOLIAD,5
TX,GONZALES,42
TX,GRAY,22
TX,GRAYSON,151
TX,GREGG,154
TX,GRIMES,9
TX,GUADALUPE,69
TX,HALE,10
TX,HALL,7
TX,HAMILTON,2
TX,HANSFORD,1
TX,HARDEMAN,8
TX,HARDIN,141
TX,HARRIS,2535
TX,HARRISON,98
TX,HARTLEY,9
TX,HAYS,33
TX,HENDERSON,37
TX,HIDALGO,39
TX,HILL,78
TX,HOCKLEY,7
TX,HOOD,102
TX,HOPKINS,22
TX,HOUSTON,21
TX,HOWARD,75
TX,HUDSPETH,7
TX,HUNT,32
TX,HUTCHINSON,37
TX,JACK,33
TX,JACKSON,8
TX,JASPER,30
TX,JEFF DAVIS,2
TX,JEFFERSON,244
TX,JIM HOGG,4
TX,JIM WELLS,11
TX,JOHNSON,429
TX,JONES,7
TX,KARNES,3
TX,KAUFMAN,49
TX,KENDALL,10
TX,KERR,5
TX,KINNEY,35
TX,KLEBERG,20
TX,KNOX,1
TX,LA SALLE,14
TX,LAMAR,26
TX,LAMB,4
TX,LAMPASAS,9
TX,LAVACA,14
TX,LEE,12
TX,LEON,31
TX,LIBERTY,144
TX,LIMESTONE,24
TX,LIVE OAK,4
TX,LLANO,3
TX,LUBBOCK,292
TX,LYNN,2
TX,MADISON,8
TX,MARION,14
TX,MARTIN,2
TX,MASON,2
TX,MATAGORDA,12
TX,MAVERICK,71
TX,MCCULLOCH,4
TX,MCLENNAN,148
TX,MEDINA,56
TX,MIDLAND,30
TX,MILAM,37
TX,MILLS,4
TX,MITCHELL,11
TX,MONTAGUE,17
TX,MONTGOMERY,474
TX,MOORE,49
TX,MORRIS,16
TX,MOTLEY,17
TX,NACOGDOCHES,37
TX,NAVARRO,25
TX,NEWTON,14
TX,NOLAN,34
TX,NUECES,82
TX,OLDHAM,8
TX,ORANGE,105
TX,PALO PINTO,31
TX,PANOLA,21
TX,PARKER,303
TX,PARMER,28
TX,PECOS,2
TX,POLK,27
TX,POTTER,883
TX,PRESIDIO,9
TX,RAINS,5
TX,RANDALL,72
TX,REAL,2
TX,RED RIVER,1
TX,REEVES,3
TX,REFUGIO,2
TX,ROBERTSON,30
TX,ROCKWALL,32
TX,RUNNELS,10
TX,RUSK,13
TX,SABINE,5
TX,SAN AUGUSTINE,3
TX,SAN JACINTO,24
TX,SAN PATRICIO,38
TX,SAN SABA,5
TX,SCURRY,9
TX,SHELBY,17
TX,SHERMAN,1
TX,SMITH,127
TX,SOMERVELL,5
TX,STARR,2
TX,STEPHENS,1
TX,STONEWALL,1
TX,SWISHER,13
TX,TARRANT,4235
TX,TAYLOR,86
TX,TERRELL,15
TX,TERRY,5
TX,TITUS,10
TX,TOM GREEN,52
TX,TRAVIS,74
TX,TRINITY,6
TX,TYLER,29
TX,UPSHUR,41
TX,UPTON,2
TX,UVALDE,35
TX,VAL VERDE,93
TX,VAN ZANDT,47
TX,VICTORIA,60
TX,WALKER,38
TX,WALLER,21
TX,WARD,5
TX,WASHINGTON,4
TX,WEBB,291
TX,WHARTON,13
TX,WHEELER,4
TX,WICHITA,120
TX,WILBARGER,4
TX,WILLACY,1
TX,WILLIAMSON,77
TX,WILSON,75
TX,WISE,156
TX,WOOD,60
TX,YOUNG,2
TX,ZAPATA,2
TX,ZAVALA,4
UT,BEAVER,85
UT,BOX ELDER,58
UT,CACHE,23
UT,CARBON,52
UT,DAGGETT,2
UT,DAVIS,337
UT,DUCHESNE,10
UT,EMERY,8
UT,GRAND,1
UT,IRON,48
UT,JUAB,25
UT,MILLARD,8
UT,MORGAN,18
UT,RICH,5
UT,SALT LAKE,580
UT,SAN JUAN,8
UT,SANPETE,5
UT,SEVIER,1
UT,SUMMIT,12
UT,TOOELE,52
UT,UINTAH,10
UT,UTAH,186
UT,WASATCH,7
UT,WASHINGTON,16
UT,WEBER,360
VA,ACCOMACK,4
VA,ALBEMARLE,28
VA,ALLEGHANY,108
VA,AMELIA,10
VA,AMHERST,28
VA,APPOMATTOX,16
VA,ARLINGTON,63
VA,AUGUSTA,12
VA,BATH,12
VA,BEDFORD,395
VA,BLAND,14
VA,BOTETOURT,288
VA,BRUNSWICK,9
VA,BUCHANAN,25
VA,BUCKINGHAM,32
VA,CAMPBELL,43
VA,CAROLINE,46
VA,CARROLL,3
VA,CHARLES CITY,6
VA,CHARLOTTE,30
VA,CHESTERFIELD,228
VA,CLARKE,2
VA,CRAIG,31
VA,CULPEPER,24
VA,CUMBERLAND,5
VA,DICKENSON,15
VA,DINWIDDIE,23
VA,ESSEX,4
VA,FAIRFAX,225
VA,FAUQUIER,24
VA,FLOYD,43
VA,FLUVANNA,9
VA,FRANKLIN,202
VA,FREDERICK,24
VA,GILES,41
VA,GLOUCESTER,14
VA,GOOCHLAND,15
VA,GREENE,4
VA,GREENSVILLE,2
VA,HALIFAX,10
VA,HANOVER,117
VA,HENRICO,128
VA,HENRY,24
VA,INDEPENDENT CITY,3249
VA,ISLE OF WIGHT,36
VA,JAMES CITY,6
VA,KING AND QUEEN,6
VA,KING GEORGE,6
VA,KING WILLIAM,29
VA,LANCASTER,1
VA,LEE,32
VA,LOUDOUN,42
VA,LOUISA,31
VA,LUNENBURG,43
VA,MADISON,3
VA,MATHEWS,3
VA,MECKLENBURG,7
VA,MIDDLESEX,2
VA,MONTGOMERY,101
VA,NELSON,12
VA,NEW KENT,29
VA,NORTHAMPTON,7
VA,NOTTOWAY,106
VA,ORANGE,35
VA,PAGE,70
VA,PATRICK,9
VA,PITTSYLVANIA,49
VA,POWHATAN,28
VA,PRINCE EDWARD,34
VA,PRINCE GEORGE,13
VA,PRINCE WILLIAM,110
VA,PULASKI,33
VA,RAPPAHANNOCK,9
VA,RICHMOND,1
VA,ROANOKE,193
VA,ROCKBRIDGE,16
VA,ROCKINGHAM,40
VA,RUSSELL,172
VA,SCOTT,30
VA,SHENANDOAH,13
VA,SMYTH,15
VA,SOUTHAMPTON,26
VA,SPOTSYLVANIA,46
VA,STAFFORD,37
VA,SUSSEX,10
VA,TAZEWELL,197
VA,WARREN,22
VA,WASHINGTON,26
VA,WESTMORELAND,7
VA,WISE,114
VA,WYTHE,39
VA,YORK,20
VT,ADDISON,8
VT,BENNINGTON,8
VT,CALEDONIA,3
VT,CHITTENDEN,40
VT,ESSEX,4
VT,FRANKLIN,83
VT,GRAND ISLE,5
VT,LAMOILLE,4
VT,ORANGE,9
VT,ORLEANS,13
VT,RUTLAND,59
VT,WASHINGTON,3
VT,WINDHAM,10
VT,WINDSOR,10
WA,ADAMS,15
WA,ASOTIN,17
WA,BENTON,294
WA,CHELAN,79
WA,CLALLAM,8
WA,CLARK,850
WA,COLUMBIA,2
WA,COWLITZ,151
WA,DOUGLAS,2
WA,FERRY,1
WA,FRANKLIN,148
WA,GARFIELD,1
WA,GRANT,22
WA,GRAYS HARBOR,29
WA,ISLAND,39
WA,JEFFERSON,4
WA,KING,1039
WA,KITSAP,60
WA,KITTITAS,15
WA,KLICKITAT,63
WA,LEWIS,73
WA,LINCOLN,12
WA,MASON,20
WA,OKANOGAN,15
WA,PACIFIC,6
WA,PEND OREILLE,21
WA,PIERCE,614
WA,SAN JUAN,2
WA,SKAGIT,57
WA,SKAMANIA,14
WA,SNOHOMISH,506
WA,SPOKANE,757
WA,STEVENS,34
WA,THURSTON,94
WA,WAHKIAKUM,3
WA,WALLA WALLA,45
WA,WHATCOM,45
WA,WHITMAN,9
WA,YAKIMA,56
WI,ADAMS,29
WI,ASHLAND,7
WI,BARRON,20
WI,BAYFIELD,11
WI,BROWN,76
WI,BUFFALO,16
WI,BURNETT,6
WI,CALUMET,8
WI,CHIPPEWA,35
WI,CLARK,9
WI,COLUMBIA,106
WI,CRAWFORD,24
WI,DANE,74
WI,DODGE,63
WI,DOOR,2
WI,DOUGLAS,465
WI,DUNN,13
WI,EAU CLAIRE,78
WI,FOND DU LAC,275
WI,FOREST,16
WI,GRANT,33
WI,GREEN,11
WI,GREEN LAKE,17
WI,IOWA,5
WI,IRON,4
WI,JACKSON,19
WI,JEFFERSON,27
WI,JUNEAU,14
WI,KENOSHA,111
WI,KEWAUNEE,4
WI,LA CROSSE,339
WI,LAFAYETTE,7
WI,LANGLADE,7
WI,LINCOLN,23
WI,MANITOWOC,15
WI,MARATHON,23
WI,MARINETTE,12
WI,MARQUETTE,36
WI,MILWAUKEE,188
WI,MONROE,51
WI,OCONTO,16
WI,ONEIDA,13
WI,OUTAGAMIE,57
WI,OZAUKEE,6
WI,PEPIN,12
WI,PIERCE,43
WI,POLK,23
WI,PORTAGE,240
WI,PRICE,10
WI,RACINE,100
WI,ROCK,138
WI,RUSK,21
WI,SAUK,29
WI,SAWYER,14
WI,SHAWANO,9
WI,SHEBOYGAN,9
WI,ST CROIX,168
WI,TAYLOR,15
WI,TREMPEALEAU,54
WI,VERNON,48
WI,VILAS,5
WI,WALWORTH,47
WI,WASHBURN,23
WI,WASHINGTON,37
WI,WAUKESHA,96
WI,WAUPACA,34
WI,WAUSHARA,13
WI,WINNEBAGO,95
WI,WOOD,119
WV,BARBOUR,33
WV,BERKELEY,108
WV,BOONE,50
WV,BRAXTON,22
WV,BROOKE,19
WV,CABELL,406
WV,CLAY,4
WV,DODDRIDGE,4
WV,FAYETTE,30
WV,GILMER,1
WV,GRANT,7
WV,GREENBRIER,75
WV,HAMPSHIRE,37
WV,HANCOCK,37
WV,HARDY,7
WV,HARRISON,51
WV,JACKSON,22
WV,JEFFERSON,56
WV,KANAWHA,130
WV,LEWIS,3
WV,LINCOLN,107
WV,LOGAN,61
WV,MARION,16
WV,MARSHALL,26
WV,MASON,34
WV,MCDOWELL,43
WV,MERCER,387
WV,MINERAL,223
WV,MINGO,168
WV,MONONGALIA,19
WV,MONROE,35
WV,MORGAN,33
WV,NICHOLAS,6
WV,OHIO,25
WV,PLEASANTS,3
WV,POCAHONTAS,13
WV,PRESTON,35
WV,PUTNAM,83
WV,RALEIGH,98
WV,RANDOLPH,21
WV,RITCHIE,7
WV,ROANE,3
WV,SUMMERS,153
WV,TAYLOR,94
WV,TUCKER,2
WV,TYLER,2
WV,UPSHUR,5
WV,WAYNE,217
WV,WEBSTER,5
WV,WETZEL,9
WV,WIRT,7
WV,WOOD,108
WV,WYOMING,63
WY,ALBANY,90
WY,BIG HORN,70
WY,CAMPBELL,386
WY,CARBON,168
WY,CONVERSE,211
WY,CROOK,33
WY,FREMONT,42
WY,GOSHEN,244
WY,HOT SPRINGS,4
WY,JOHNSON,18
WY,LARAMIE,737
WY,LINCOLN,25
WY,NATRONA,92
WY,NIOBRARA,51
WY,PARK,29
WY,PLATTE,129
WY,SHERIDAN,252
WY,SUBLETTE,3
WY,SWEETWATER,196
WY,UINTA,49
WY,WASHAKIE,10
WY,WESTON,37
